subject	date	video	rating	time	trialNo
S100307	22/June/2018	1.mp4	4	20857;36800;	1
S100307	22/June/2018	2.mp4	3	26230;52526;	2
S100307	22/June/2018	3.mp4	2	2363;	3
S100307	22/June/2018	11.mp4	3	43521;10504;	4
S100307	22/June/2018	14.mp4	5	18461;7593;	5
S100307	22/June/2018	33.mp4	4	15034;	6
S100307	22/June/2018	29.mp4	3	11692;	7
S100307	22/June/2018	12.mp4	3	21735;2592;	8
S100307	22/June/2018	16.mp4	5	26594;7607;	9
S100307	22/June/2018	19.mp4	4	26468;	10
S100307	22/June/2018	24.mp4	4	23252;	11
S100307	22/June/2018	17.mp4	3	16968;5351;	12
S100307	22/June/2018	15.mp4	5	18508;	13
S100307	22/June/2018	5.mp4	1	39163;4536;	14
S100307	22/June/2018	10.mp4	2	27870;2559;	15
S100307	22/June/2018	9.mp4	2	40209;1777;	16
S100307	22/June/2018	22.mp4	4	31558;2169;	17
S100307	22/June/2018	31.mp4	3	13583;3327;	18
S100307	22/June/2018	18.mp4	3	30102;6719;	19
S100307	22/June/2018	13.mp4	4	21275;3199;	20
S100307	22/June/2018	26.mp4	4	14339;	21
S100307	22/June/2018	28.mp4	2	23195;	22
S100307	22/June/2018	23.mp4	4	22480;3016;	23
S100307	22/June/2018	7.mp4	1	38927;4479;	24
S100307	22/June/2018	34.mp4	3	16206;	25
S100307	22/June/2018	27.mp4	4	15214;	26
S100307	22/June/2018	20.mp4	4	22665;12944;	27
S100307	22/June/2018	30.mp4	3	12986;	28
S100307	22/June/2018	4.mp4	1	42699;6135;	29
S100307	22/June/2018	35.mp4	4	13440;	30
S100307	22/June/2018	21.mp4	5	18415;	31
S100307	22/June/2018	25.mp4	5	16619;2703;	32
S100307	22/June/2018	32.mp4	4	13814;	33
S100307	22/June/2018	8.mp4	3	34719;2529;	34
S100307	22/June/2018	6.mp4	1	68789;3824;	35
S155074	22/June/2018	1.mp4	4	16544;4642;	1
S155074	22/June/2018	2.mp4	4	22854;	2
S155074	22/June/2018	3.mp4	1	1670;	3
S155074	22/June/2018	9.mp4	4	77720;7830;	4
S155074	22/June/2018	7.mp4	2	38817;2790;	5
S155074	22/June/2018	31.mp4	5	19277;1565;	6
S155074	22/June/2018	10.mp4	3	30046;2647;	7
S155074	22/June/2018	26.mp4	5	19407;	8
S155074	22/June/2018	11.mp4	5	71631;2315;	9
S155074	22/June/2018	12.mp4	4	22182;6369;	10
S155074	22/June/2018	34.mp4	5	22983;	11
S155074	22/June/2018	19.mp4	4	24747;	12
S155074	22/June/2018	33.mp4	4	13996;	13
S155074	22/June/2018	22.mp4	5	19546;8374;	14
S155074	22/June/2018	27.mp4	4	19225;	15
S155074	22/June/2018	21.mp4	4	19919;	16
S155074	22/June/2018	20.mp4	4	25161;2211;	17
S155074	22/June/2018	5.mp4	1	44215;	18
S155074	22/June/2018	8.mp4	4	32315;4508;	19
S155074	22/June/2018	32.mp4	3	32774;	20
S155074	22/June/2018	13.mp4	4	25277;1952;	21
S155074	22/June/2018	30.mp4	2	11522;	22
S155074	22/June/2018	15.mp4	5	15274;2657;	23
S155074	22/June/2018	16.mp4	2	126607;64056;	24
S155074	22/June/2018	29.mp4	5	22867;	25
S155074	22/June/2018	6.mp4	4	124135;	26
S155074	22/June/2018	14.mp4	2	20858;9227;	27
S155074	22/June/2018	25.mp4	2	21169;1660;	28
S155074	22/June/2018	24.mp4	4	18600;	29
S155074	22/June/2018	17.mp4	5	18224;7653;	30
S155074	22/June/2018	23.mp4	4	23487;	31
S155074	22/June/2018	4.mp4	1	50039;2081;	32
S155074	22/June/2018	18.mp4	5	56351;	33
S155074	22/June/2018	28.mp4	4	15982;	34
S155074	22/June/2018	35.mp4	3	12679;	35
S161305	22/June/2018	1.mp4	4	-3565120;182285;	1
S161305	22/June/2018	2.mp4	2	24328;20156;	2
S161305	22/June/2018	3.mp4	1	2080;	3
S161305	22/June/2018	28.mp4	3	32915;	4
S161305	22/June/2018	17.mp4	3	17758;8993;	5
S161305	22/June/2018	11.mp4	2	38592;	6
S161305	22/June/2018	4.mp4	1	43397;3885;	7
S161305	22/June/2018	24.mp4	5	20227;	8
S161305	22/June/2018	33.mp4	4	28737;	9
S161305	22/June/2018	26.mp4	5	16942;	10
S161305	22/June/2018	30.mp4	3	13342;	11
S161305	22/June/2018	9.mp4	1	43884;5068;	12
S161305	22/June/2018	15.mp4	4	16215;8942;	13
S161305	22/June/2018	32.mp4	4	15203;	14
S161305	22/June/2018	20.mp4	5	23687;3806;	15
S161305	22/June/2018	25.mp4	5	17455;2642;	16
S161305	22/June/2018	34.mp4	4	14040;	17
S161305	22/June/2018	21.mp4	5	19391;	18
S161305	22/June/2018	29.mp4	4	10990;	19
S161305	22/June/2018	22.mp4	5	18546;1881;	20
S161305	22/June/2018	6.mp4	1	65430;2764;	21
S161305	22/June/2018	13.mp4	5	67914;1777;	22
S161305	22/June/2018	12.mp4	4	22640;2478;	23
S161305	22/June/2018	14.mp4	4	19901;3907;	24
S161305	22/June/2018	18.mp4	5	26264;4166;	25
S161305	22/June/2018	35.mp4	3	13369;	26
S161305	22/June/2018	8.mp4	4	29213;1694;	27
S161305	22/June/2018	27.mp4	5	15468;	28
S161305	22/June/2018	7.mp4	2	47474;2708;	29
S161305	22/June/2018	31.mp4	2	15540;2360;	30
S161305	22/June/2018	10.mp4	2	37374;2340;	31
S161305	22/June/2018	5.mp4	2	39655;2578;	32
S161305	22/June/2018	19.mp4	5	26487;	33
S161305	22/June/2018	16.mp4	4	38216;2596;	34
S161305	22/June/2018	23.mp4	5	22429;5027;	35
S17111907	29/June/2018	1.mp4	5	16882;22010;	1
S17111907	29/June/2018	2.mp4	3	21316;4593;	2
S17111907	29/June/2018	3.mp4	1	1572;	3
S17111907	29/June/2018	14.mp4	3	20245;	4
S17111907	29/June/2018	9.mp4	1	41181;	5
S17111907	29/June/2018	19.mp4	5	24857;	6
S17111907	29/June/2018	12.mp4	2	-2852101;	7
S17111907	29/June/2018	17.mp4	5	15342;2536;	8
S17111907	29/June/2018	13.mp4	1	20383;3325;	9
S17111907	29/June/2018	22.mp4	5	20709;2626;	10
S17111907	29/June/2018	4.mp4	1	41867;1781;	11
S17111907	29/June/2018	23.mp4	5	21524;1279;	12
S17111907	29/June/2018	32.mp4	4	15212;	13
S17111907	29/June/2018	15.mp4	4	13551;1576;	14
S17111907	29/June/2018	30.mp4	3	11246;	15
S17111907	29/June/2018	5.mp4	1	39558;3306;	16
S17111907	29/June/2018	31.mp4	3	41647;2172;	17
S17111907	29/June/2018	26.mp4	3	13030;	18
S17111907	29/June/2018	35.mp4	2	15405;	19
S17111907	29/June/2018	33.mp4	4	20152;	20
S17111907	29/June/2018	21.mp4	4	25005;	21
S17111907	29/June/2018	25.mp4	5	100640;	22
S17111907	29/June/2018	11.mp4	5	39480;1649;	23
S17111907	29/June/2018	16.mp4	5	26922;1673;	24
S17111907	29/June/2018	7.mp4	1	39612;1190;	25
S17111907	29/June/2018	27.mp4	4	21185;	26
S17111907	29/June/2018	24.mp4	5	18895;	27
S17111907	29/June/2018	29.mp4	4	14720;	28
S17111907	29/June/2018	8.mp4	2	28642;1853;	29
S17111907	29/June/2018	18.mp4	5	26310;1310;	30
S17111907	29/June/2018	10.mp4	1	27960;	31
S17111907	29/June/2018	20.mp4	5	23396;1525;	32
S17111907	29/June/2018	28.mp4	2	12486;	33
S17111907	29/June/2018	34.mp4	4	13675;	34
S17111907	29/June/2018	6.mp4	1	64948;1495;	35
S180970	22/June/2018	1.mp4	4	27578;7582;	1
S180970	22/June/2018	2.mp4	4	27595;	2
S180970	22/June/2018	3.mp4	2	3338;	3
S180970	22/June/2018	31.mp4	3	21430;18440;	4
S180970	22/June/2018	30.mp4	3	17575;	5
S180970	22/June/2018	23.mp4	4	21387;5736;	6
S180970	22/June/2018	11.mp4	4	42019;7607;	7
S180970	22/June/2018	16.mp4	4	26421;147;	8
S180970	22/June/2018	10.mp4	5	34778;	9
S180970	22/June/2018	22.mp4	4	20639;7865;	10
S180970	22/June/2018	12.mp4	5	21321;2135;	11
S180970	22/June/2018	8.mp4	3	35427;2392;	12
S180970	22/June/2018	14.mp4	5	22631;1354;	13
S180970	22/June/2018	21.mp4	4	24554;	14
S180970	22/June/2018	34.mp4	4	15320;	15
S180970	22/June/2018	9.mp4	2	40372;143;	16
S180970	22/June/2018	32.mp4	4	13789;	17
S180970	22/June/2018	4.mp4	1	40882;1627;	18
S180970	22/June/2018	27.mp4	5	15211;	19
S180970	22/June/2018	33.mp4	4	15263;	20
S180970	22/June/2018	18.mp4	4	24914;1539;	21
S180970	22/June/2018	28.mp4	3	21140;	22
S180970	22/June/2018	29.mp4	3	27497;	23
S180970	22/June/2018	19.mp4	4	24254;	24
S180970	22/June/2018	5.mp4	3	38557;2091;	25
S180970	22/June/2018	20.mp4	4	35178;2710;	26
S180970	22/June/2018	17.mp4	5	32881;2131;	27
S180970	22/June/2018	13.mp4	4	17916;1808;	28
S180970	22/June/2018	25.mp4	5	15358;1720;	29
S180970	22/June/2018	15.mp4	5	12916;2247;	30
S180970	22/June/2018	24.mp4	5	19967;	31
S180970	22/June/2018	26.mp4	5	17630;	32
S180970	22/June/2018	7.mp4	2	37758;1719;	33
S180970	22/June/2018	35.mp4	3	19599;	34
S180970	22/June/2018	6.mp4	1	65376;3675;	35
S22003768	29/June/2018	1.mp4	4	19189;3316;	1
S22003768	29/June/2018	2.mp4	3	21571;	2
S22003768	29/June/2018	3.mp4	3	2686;	3
S22003768	29/June/2018	15.mp4	5	13843;	4
S22003768	29/June/2018	7.mp4	4	54111;	5
S22003768	29/June/2018	8.mp4	4	30989;	6
S22003768	29/June/2018	21.mp4	5	18451;	7
S22003768	29/June/2018	4.mp4	3	39587;12126;	8
S22003768	29/June/2018	17.mp4	5	16600;4201;	9
S22003768	29/June/2018	23.mp4	4	21583;5895;	10
S22003768	29/June/2018	22.mp4	5	18550;7541;	11
S22003768	29/June/2018	18.mp4	4	26259;1888;	12
S22003768	29/June/2018	13.mp4	5	18492;	13
S22003768	29/June/2018	11.mp4	3	38179;13077;	14
S22003768	29/June/2018	20.mp4	5	24029;8703;	15
S22003768	29/June/2018	28.mp4	3	15300;	16
S22003768	29/June/2018	12.mp4	5	20105;	17
S22003768	29/June/2018	30.mp4	3	12137;	18
S22003768	29/June/2018	34.mp4	4	13520;	19
S22003768	29/June/2018	10.mp4	5	28592;11743;	20
S22003768	29/June/2018	33.mp4	3	14967;	21
S22003768	29/June/2018	26.mp4	5	13833;	22
S22003768	29/June/2018	29.mp4	4	10188;	23
S22003768	29/June/2018	31.mp4	4	12561;1927;	24
S22003768	29/June/2018	27.mp4	5	15035;	25
S22003768	29/June/2018	5.mp4	1	39239;1623;	26
S22003768	29/June/2018	14.mp4	4	51661;	27
S22003768	29/June/2018	24.mp4	4	17841;	28
S22003768	29/June/2018	9.mp4	3	40814;3670;	29
S22003768	29/June/2018	6.mp4	1	79085;	30
S22003768	29/June/2018	32.mp4	3	14402;	31
S22003768	29/June/2018	25.mp4	5	16504;	32
S22003768	29/June/2018	19.mp4	4	25879;	33
S22003768	29/June/2018	35.mp4	3	13656;	34
S22003768	29/June/2018	16.mp4	3	26911;	35
S220360	22/June/2018	1.mp4	3	27301;6239;	1
S220360	22/June/2018	2.mp4	3	22281;	2
S220360	22/June/2018	3.mp4	2	1303;	3
S220360	22/June/2018	16.mp4	3	26932;3144;	4
S220360	22/June/2018	9.mp4	2	41519;2578;	5
S220360	22/June/2018	18.mp4	4	24095;1255;	6
S220360	22/June/2018	12.mp4	3	22610;1024;	7
S220360	22/June/2018	7.mp4	1	38153;	8
S220360	22/June/2018	5.mp4	1	43639;	9
S220360	22/June/2018	6.mp4	1	64878;2119;	10
S220360	22/June/2018	34.mp4	3	25020;	11
S220360	22/June/2018	14.mp4	4	20861;2327;	12
S220360	22/June/2018	15.mp4	4	11562;1617;	13
S220360	22/June/2018	25.mp4	4	15810;840;	14
S220360	22/June/2018	26.mp4	4	12647;	15
S220360	22/June/2018	23.mp4	4	19853;1120;	16
S220360	22/June/2018	21.mp4	4	18388;	17
S220360	22/June/2018	33.mp4	3	15044;	18
S220360	22/June/2018	29.mp4	3	9642;	19
S220360	22/June/2018	31.mp4	2	16370;	20
S220360	22/June/2018	35.mp4	2	12529;	21
S220360	22/June/2018	17.mp4	3	13985;	22
S220360	22/June/2018	4.mp4	1	39639;784;	23
S220360	22/June/2018	20.mp4	4	21602;	24
S220360	22/June/2018	22.mp4	3	18771;2792;	25
S220360	22/June/2018	11.mp4	2	38493;	26
S220360	22/June/2018	30.mp4	4	11109;	27
S220360	22/June/2018	24.mp4	3	16605;	28
S220360	22/June/2018	13.mp4	4	18437;	29
S220360	22/June/2018	10.mp4	3	28712;	30
S220360	22/June/2018	27.mp4	3	16435;	31
S220360	22/June/2018	28.mp4	4	15260;	32
S220360	22/June/2018	8.mp4	3	28239;	33
S220360	22/June/2018	19.mp4	4	24641;	34
S220360	22/June/2018	32.mp4	4	11981;	35
S243110	22/June/2018	1.mp4	5	20326;17609;	1
S243110	22/June/2018	2.mp4	2	22465;1423;	2
S243110	22/June/2018	3.mp4	1	1541;	3
S243110	22/June/2018	4.mp4	1	39561;453;	4
S243110	22/June/2018	24.mp4	5	19078;	5
S243110	22/June/2018	13.mp4	5	20099;1487;	6
S243110	22/June/2018	17.mp4	5	13400;361;	7
S243110	22/June/2018	33.mp4	4	18394;	8
S243110	22/June/2018	16.mp4	5	33948;7592;	9
S243110	22/June/2018	11.mp4	2	53062;	10
S243110	22/June/2018	14.mp4	1	21451;1610;	11
S243110	22/June/2018	21.mp4	2	20998;	12
S243110	22/June/2018	9.mp4	3	41025;1873;	13
S243110	22/June/2018	12.mp4	2	20023;1260;	14
S243110	22/June/2018	6.mp4	1	67966;2676;	15
S243110	22/June/2018	10.mp4	3	30124;433;	16
S243110	22/June/2018	5.mp4	4	39466;1184;	17
S243110	22/June/2018	23.mp4	5	19563;1283;	18
S243110	22/June/2018	35.mp4	3	16734;	19
S243110	22/June/2018	34.mp4	3	20275;	20
S243110	22/June/2018	20.mp4	4	24626;1356;	21
S243110	22/June/2018	8.mp4	1	29590;4699;	22
S243110	22/June/2018	7.mp4	3	43402;1597;	23
S243110	22/June/2018	26.mp4	5	14701;	24
S243110	22/June/2018	29.mp4	2	14119;	25
S243110	22/June/2018	19.mp4	5	27883;	26
S243110	22/June/2018	25.mp4	5	15065;1242;	27
S243110	22/June/2018	27.mp4	5	13098;	28
S243110	22/June/2018	30.mp4	2	10658;	29
S243110	22/June/2018	32.mp4	5	15510;	30
S243110	22/June/2018	18.mp4	5	24295;529;	31
S243110	22/June/2018	28.mp4	4	14739;	32
S243110	22/June/2018	15.mp4	2	14697;1365;	33
S243110	22/June/2018	31.mp4	2	12679;1131;	34
S243110	22/June/2018	22.mp4	5	17015;391;	35
S26412344	29/June/2018	1.mp4	3	24716;	1
S26412344	29/June/2018	2.mp4	3	23681;	2
S26412344	29/June/2018	3.mp4	2	1896;	3
S26412344	29/June/2018	22.mp4	4	18870;	4
S26412344	29/June/2018	35.mp4	1	22807;	5
S26412344	29/June/2018	9.mp4	3	40910;	6
S26412344	29/June/2018	29.mp4	1	14184;	7
S26412344	29/June/2018	24.mp4	4	17767;	8
S26412344	29/June/2018	18.mp4	3	25235;	9
S26412344	29/June/2018	17.mp4	5	17243;	10
S26412344	29/June/2018	33.mp4	1	15446;	11
S26412344	29/June/2018	8.mp4	2	29279;	12
S26412344	29/June/2018	19.mp4	4	25869;	13
S26412344	29/June/2018	15.mp4	5	16830;	14
S26412344	29/June/2018	12.mp4	3	22526;	15
S26412344	29/June/2018	6.mp4	1	-3533895;	16
S26412344	29/June/2018	20.mp4	4	23144;	17
S26412344	29/June/2018	26.mp4	4	448864;	18
S26412344	29/June/2018	10.mp4	2	28134;	19
S26412344	29/June/2018	23.mp4	4	21166;	20
S26412344	29/June/2018	34.mp4	1	13815;	21
S26412344	29/June/2018	28.mp4	1	14243;	22
S26412344	29/June/2018	32.mp4	1	16193;	23
S26412344	29/June/2018	25.mp4	5	16230;	24
S26412344	29/June/2018	16.mp4	4	27157;	25
S26412344	29/June/2018	31.mp4	2	15070;	26
S26412344	29/June/2018	11.mp4	2	39037;	27
S26412344	29/June/2018	13.mp4	3	19918;	28
S26412344	29/June/2018	5.mp4	1	39003;	29
S26412344	29/June/2018	14.mp4	3	19174;	30
S26412344	29/June/2018	27.mp4	5	14095;	31
S26412344	29/June/2018	30.mp4	4	11750;	32
S26412344	29/June/2018	7.mp4	1	36925;	33
S26412344	29/June/2018	21.mp4	5	16662;	34
S26412344	29/June/2018	4.mp4	1	40547;	35
S268086	22/June/2018	1.mp4	3	16326;	1
S268086	22/June/2018	2.mp4	3	31088;3625;	2
S268086	22/June/2018	3.mp4	3	2196;	3
S268086	22/June/2018	7.mp4	3	38893;19906;	4
S268086	22/June/2018	16.mp4	3	26447;49166;	5
S268086	22/June/2018	22.mp4	4	34862;	6
S268086	22/June/2018	35.mp4	3	19687;	7
S268086	22/June/2018	6.mp4	1	65384;31887;	8
S268086	22/June/2018	30.mp4	3	25472;	9
S268086	22/June/2018	11.mp4	2	38718;2794;	10
S268086	22/June/2018	27.mp4	4	16136;	11
S268086	22/June/2018	24.mp4	4	22242;	12
S268086	22/June/2018	21.mp4	3	28490;	13
S268086	22/June/2018	28.mp4	2	15157;	14
S268086	22/June/2018	26.mp4	4	12194;	15
S268086	22/June/2018	18.mp4	4	24040;3411;	16
S268086	22/June/2018	14.mp4	4	20403;	17
S268086	22/June/2018	12.mp4	4	21307;	18
S268086	22/June/2018	13.mp4	4	35553;3180;	19
S268086	22/June/2018	31.mp4	4	23354;	20
S268086	22/June/2018	15.mp4	5	12572;2764;	21
S268086	22/June/2018	19.mp4	4	24583;	22
S268086	22/June/2018	25.mp4	4	21429;	23
S268086	22/June/2018	4.mp4	2	44305;18107;	24
S268086	22/June/2018	29.mp4	3	10818;	25
S268086	22/June/2018	8.mp4	3	38517;2484;	26
S268086	22/June/2018	32.mp4	3	12812;	27
S268086	22/June/2018	9.mp4	3	43433;1520;	28
S268086	22/June/2018	10.mp4	4	31584;	29
S268086	22/June/2018	17.mp4	4	16005;	30
S268086	22/June/2018	33.mp4	3	24640;	31
S268086	22/June/2018	20.mp4	4	22442;3691;	32
S268086	22/June/2018	23.mp4	3	23537;	33
S268086	22/June/2018	5.mp4	3	41350;2841;	34
S268086	22/June/2018	34.mp4	4	17491;	35
S269946	22/June/2018	1.mp4	5	18307;	1
S269946	22/June/2018	2.mp4	5	26429;	2
S269946	22/June/2018	3.mp4	5	2875;	3
S269946	22/June/2018	9.mp4	5	43475;6842;	4
S269946	22/June/2018	33.mp4	4	15750;	5
S269946	22/June/2018	27.mp4	4	14807;	6
S269946	22/June/2018	11.mp4	2	38222;1769;	7
S269946	22/June/2018	32.mp4	3	15086;	8
S269946	22/June/2018	15.mp4	5	12343;	9
S269946	22/June/2018	30.mp4	3	22278;	10
S269946	22/June/2018	35.mp4	3	14480;	11
S269946	22/June/2018	34.mp4	3	13180;	12
S269946	22/June/2018	5.mp4	2	38593;	13
S269946	22/June/2018	21.mp4	4	19483;	14
S269946	22/June/2018	16.mp4	4	25404;	15
S269946	22/June/2018	25.mp4	4	15562;	16
S269946	22/June/2018	22.mp4	3	17901;	17
S269946	22/June/2018	7.mp4	2	37254;42743;	18
S269946	22/June/2018	4.mp4	2	40391;	19
S269946	22/June/2018	6.mp4	1	64052;30454;	20
S269946	22/June/2018	23.mp4	5	20857;	21
S269946	22/June/2018	13.mp4	5	18831;	22
S269946	22/June/2018	26.mp4	3	12643;	23
S269946	22/June/2018	19.mp4	4	27641;	24
S269946	22/June/2018	8.mp4	3	34463;	25
S269946	22/June/2018	31.mp4	3	13796;	26
S269946	22/June/2018	17.mp4	5	13775;	27
S269946	22/June/2018	24.mp4	3	18153;	28
S269946	22/June/2018	10.mp4	4	26331;	29
S269946	22/June/2018	28.mp4	3	16145;	30
S269946	22/June/2018	20.mp4	3	22420;	31
S269946	22/June/2018	29.mp4	3	10059;	32
S269946	22/June/2018	12.mp4	4	19890;	33
S269946	22/June/2018	18.mp4	5	24391;	34
S269946	22/June/2018	14.mp4	3	18644;	35
S276170	22/June/2018	1.mp4	4	21954;	1
S276170	22/June/2018	2.mp4	4	21236;	2
S276170	22/June/2018	3.mp4	2	2048;	3
S276170	22/June/2018	19.mp4	5	24051;	4
S276170	22/June/2018	7.mp4	1	39374;2710;	5
S276170	22/June/2018	26.mp4	4	15507;	6
S276170	22/June/2018	23.mp4	5	22623;	7
S276170	22/June/2018	6.mp4	1	68087;2008;	8
S276170	22/June/2018	24.mp4	4	17559;	9
S276170	22/June/2018	11.mp4	3	38838;	10
S276170	22/June/2018	33.mp4	4	17552;	11
S276170	22/June/2018	4.mp4	2	41983;	12
S276170	22/June/2018	21.mp4	4	17692;	13
S276170	22/June/2018	29.mp4	4	17218;	14
S276170	22/June/2018	14.mp4	3	20059;	15
S276170	22/June/2018	12.mp4	4	22913;	16
S276170	22/June/2018	31.mp4	3	16525;	17
S276170	22/June/2018	20.mp4	3	35098;	18
S276170	22/June/2018	16.mp4	4	29927;	19
S276170	22/June/2018	25.mp4	4	21306;	20
S276170	22/June/2018	13.mp4	3	18005;	21
S276170	22/June/2018	17.mp4	4	14644;	22
S276170	22/June/2018	22.mp4	4	17565;	23
S276170	22/June/2018	35.mp4	2	15449;	24
S276170	22/June/2018	15.mp4	4	15866;	25
S276170	22/June/2018	10.mp4	3	29048;	26
S276170	22/June/2018	8.mp4	2	28938;	27
S276170	22/June/2018	28.mp4	4	18118;	28
S276170	22/June/2018	30.mp4	4	12918;	29
S276170	22/June/2018	5.mp4	1	42663;	30
S276170	22/June/2018	32.mp4	4	14190;	31
S276170	22/June/2018	9.mp4	2	40562;7574;	32
S276170	22/June/2018	27.mp4	3	18712;	33
S276170	22/June/2018	34.mp4	4	13941;	34
S276170	22/June/2018	18.mp4	4	24380;	35
S278591	22/June/2018	1.mp4	5	19715;	1
S278591	22/June/2018	2.mp4	2	27904;47695;	2
S278591	22/June/2018	3.mp4	1	2541;	3
S278591	22/June/2018	30.mp4	2	29297;	4
S278591	22/June/2018	17.mp4	3	18160;17640;	5
S278591	22/June/2018	7.mp4	1	37518;3622;	6
S278591	22/June/2018	18.mp4	5	24902;5911;	7
S278591	22/June/2018	11.mp4	2	39897;3127;	8
S278591	22/June/2018	13.mp4	4	19390;2599;	9
S278591	22/June/2018	10.mp4	2	30825;3462;	10
S278591	22/June/2018	14.mp4	2	21579;4583;	11
S278591	22/June/2018	5.mp4	1	39991;2384;	12
S278591	22/June/2018	31.mp4	2	13611;	13
S278591	22/June/2018	32.mp4	5	13963;	14
S278591	22/June/2018	28.mp4	2	15681;	15
S278591	22/June/2018	26.mp4	3	12684;	16
S278591	22/June/2018	24.mp4	4	16464;	17
S278591	22/June/2018	21.mp4	4	17496;	18
S278591	22/June/2018	15.mp4	2	13280;3384;	19
S278591	22/June/2018	12.mp4	2	28121;2743;	20
S278591	22/June/2018	33.mp4	5	15854;	21
S278591	22/June/2018	9.mp4	2	40508;2502;	22
S278591	22/June/2018	25.mp4	5	15825;2327;	23
S278591	22/June/2018	23.mp4	5	19984;2703;	24
S278591	22/June/2018	22.mp4	5	17903;2495;	25
S278591	22/June/2018	4.mp4	1	39378;7278;	26
S278591	22/June/2018	6.mp4	1	64501;1167;	27
S278591	22/June/2018	16.mp4	5	25478;	28
S278591	22/June/2018	29.mp4	3	18880;	29
S278591	22/June/2018	27.mp4	5	19810;	30
S278591	22/June/2018	20.mp4	5	21883;1895;	31
S278591	22/June/2018	35.mp4	4	20683;	32
S278591	22/June/2018	19.mp4	5	27982;	33
S278591	22/June/2018	8.mp4	2	28473;2080;	34
S278591	22/June/2018	34.mp4	5	12008;	35
S291923	22/June/2018	1.mp4	4	17194;2503;	1
S291923	22/June/2018	2.mp4	3	20307;4069;	2
S291923	22/June/2018	3.mp4	1	10520;	3
S291923	22/June/2018	33.mp4	4	23674;	4
S291923	22/June/2018	17.mp4	4	13569;6905;	5
S291923	22/June/2018	8.mp4	2	28626;	6
S291923	22/June/2018	9.mp4	2	39028;12915;	7
S291923	22/June/2018	34.mp4	4	17106;	8
S291923	22/June/2018	32.mp4	4	24759;	9
S291923	22/June/2018	7.mp4	2	44385;5956;	10
S291923	22/June/2018	19.mp4	5	30298;	11
S291923	22/June/2018	25.mp4	5	77103;	12
S291923	22/June/2018	16.mp4	5	37300;5731;	13
S291923	22/June/2018	20.mp4	5	30575;35224;	14
S291923	22/June/2018	4.mp4	2	45416;3773;	15
S291923	22/June/2018	22.mp4	5	21542;14140;	16
S291923	22/June/2018	31.mp4	3	21491;24910;	17
S291923	22/June/2018	6.mp4	1	76624;5525;	18
S291923	22/June/2018	12.mp4	4	29097;4622;	19
S291923	22/June/2018	14.mp4	5	23847;7379;	20
S291923	22/June/2018	21.mp4	2	37697;	21
S291923	22/June/2018	10.mp4	4	30810;8642;	22
S291923	22/June/2018	18.mp4	4	41154;	23
S291923	22/June/2018	29.mp4	2	14073;	24
S291923	22/June/2018	26.mp4	4	51576;	25
S291923	22/June/2018	35.mp4	4	12424;	26
S291923	22/June/2018	27.mp4	5	15006;	27
S291923	22/June/2018	24.mp4	5	36855;	28
S291923	22/June/2018	11.mp4	2	48046;8831;	29
S291923	22/June/2018	30.mp4	3	13848;	30
S291923	22/June/2018	5.mp4	3	38255;2111;	31
S291923	22/June/2018	15.mp4	5	25538;1568;	32
S291923	22/June/2018	13.mp4	5	19488;	33
S291923	22/June/2018	23.mp4	5	20292;3499;	34
S291923	22/June/2018	28.mp4	4	16994;	35
S295043	22/June/2018	1.mp4	3	36710;	1
S295043	22/June/2018	2.mp4	3	24066;	2
S295043	22/June/2018	3.mp4	4	1368;	3
S295043	22/June/2018	5.mp4	5	44402;	4
S295043	22/June/2018	14.mp4	3	21909;	5
S295043	22/June/2018	11.mp4	4	47804;	6
S295043	22/June/2018	30.mp4	3	19253;	7
S295043	22/June/2018	23.mp4	4	26946;	8
S295043	22/June/2018	4.mp4	4	53869;	9
S295043	22/June/2018	15.mp4	3	29561;	10
S295043	22/June/2018	28.mp4	2	15156;	11
S295043	22/June/2018	6.mp4	2	75238;	12
S295043	22/June/2018	16.mp4	5	27362;	13
S295043	22/June/2018	22.mp4	4	38993;	14
S295043	22/June/2018	19.mp4	4	42318;	15
S295043	22/June/2018	31.mp4	3	21201;	16
S295043	22/June/2018	10.mp4	5	45165;	17
S295043	22/June/2018	17.mp4	5	29981;	18
S295043	22/June/2018	20.mp4	4	31808;	19
S295043	22/June/2018	7.mp4	2	45238;	20
S295043	22/June/2018	29.mp4	3	13537;	21
S295043	22/June/2018	35.mp4	3	15690;	22
S295043	22/June/2018	9.mp4	3	49495;	23
S295043	22/June/2018	18.mp4	3	44928;	24
S295043	22/June/2018	8.mp4	4	84184;	25
S295043	22/June/2018	34.mp4	3	21572;	26
S295043	22/June/2018	24.mp4	5	47387;	27
S295043	22/June/2018	27.mp4	4	29313;	28
S295043	22/June/2018	21.mp4	4	23290;	29
S295043	22/June/2018	13.mp4	4	23083;	30
S295043	22/June/2018	12.mp4	5	21702;	31
S295043	22/June/2018	26.mp4	4	24443;	32
S295043	22/June/2018	25.mp4	5	18391;	33
S295043	22/June/2018	33.mp4	3	23526;	34
S295043	22/June/2018	32.mp4	4	30676;	35
S31377411	26/June/2018	1.mp4	5	21590;300704;	1
S31377411	26/June/2018	2.mp4	3	26131;24063;	2
S31377411	26/June/2018	3.mp4	1	4802;	3
S31377411	26/June/2018	28.mp4	4	18447;	4
S31377411	26/June/2018	31.mp4	4	16942;2874;	5
S31377411	26/June/2018	30.mp4	2	13490;	6
S31377411	26/June/2018	22.mp4	5	23774;2646;	7
S31377411	26/June/2018	12.mp4	5	20795;704;	8
S31377411	26/June/2018	21.mp4	4	31943;	9
S31377411	26/June/2018	6.mp4	1	93214;710;	10
S31377411	26/June/2018	18.mp4	4	29673;	11
S31377411	26/June/2018	26.mp4	5	13236;	12
S31377411	26/June/2018	19.mp4	3	27029;	13
S31377411	26/June/2018	34.mp4	4	15539;	14
S31377411	26/June/2018	23.mp4	3	21225;3753;	15
S31377411	26/June/2018	5.mp4	1	1085929;	16
S31377411	26/June/2018	17.mp4	4	16417;38767;	17
S31377411	26/June/2018	20.mp4	3	23646;7735;	18
S31377411	26/June/2018	32.mp4	3	15232;	19
S31377411	26/June/2018	14.mp4	5	-3027193;	20
S31377411	26/June/2018	10.mp4	3	27458;1940;	21
S31377411	26/June/2018	13.mp4	5	22263;3677;	22
S31377411	26/June/2018	35.mp4	2	16247;	23
S31377411	26/June/2018	16.mp4	2	506979;	24
S31377411	26/June/2018	11.mp4	1	42708;4106;	25
S31377411	26/June/2018	4.mp4	1	42729;4544;	26
S31377411	26/June/2018	7.mp4	1	55129;4525;	27
S31377411	26/June/2018	33.mp4	3	13596;	28
S31377411	26/June/2018	24.mp4	4	23572;	29
S31377411	26/June/2018	15.mp4	5	13119;4814;	30
S31377411	26/June/2018	25.mp4	5	16484;2788;	31
S31377411	26/June/2018	29.mp4	2	12716;	32
S31377411	26/June/2018	27.mp4	5	17022;	33
S31377411	26/June/2018	9.mp4	3	41130;2007;	34
S31377411	26/June/2018	8.mp4	2	35816;	35
S33485765	26/June/2018	1.mp4	4	18067;5886;	1
S33485765	26/June/2018	2.mp4	4	25830;18;38;	2
S33485765	26/June/2018	3.mp4	3	27223;	3
S33485765	26/June/2018	34.mp4	4	17645;	4
S33485765	26/June/2018	13.mp4	5	19574;3511;	5
S33485765	26/June/2018	11.mp4	4	38401;2488;	6
S33485765	26/June/2018	17.mp4	5	13926;2612;	7
S33485765	26/June/2018	30.mp4	4	25531;	8
S33485765	26/June/2018	29.mp4	4	19628;	9
S33485765	26/June/2018	22.mp4	5	18044;1335;	10
S33485765	26/June/2018	9.mp4	3	45576;2991;	11
S33485765	26/June/2018	12.mp4	5	113501;	12
S33485765	26/June/2018	7.mp4	3	37528;776;	13
S33485765	26/June/2018	20.mp4	5	37624;1553;	14
S33485765	26/June/2018	26.mp4	5	15599;	15
S33485765	26/June/2018	33.mp4	4	15188;	16
S33485765	26/June/2018	21.mp4	5	16671;	17
S33485765	26/June/2018	15.mp4	5	13522;3773;	18
S33485765	26/June/2018	16.mp4	4	25531;1099;	19
S33485765	26/June/2018	31.mp4	3	25692;33;	20
S33485765	26/June/2018	32.mp4	4	16131;	21
S33485765	26/June/2018	24.mp4	5	23611;	22
S33485765	26/June/2018	14.mp4	5	37314;3414;	23
S33485765	26/June/2018	5.mp4	3	54664;24;	24
S33485765	26/June/2018	28.mp4	4	12764;	25
S33485765	26/June/2018	19.mp4	4	24613;	26
S33485765	26/June/2018	8.mp4	4	28444;2752;	27
S33485765	26/June/2018	23.mp4	4	65003;1346;	28
S33485765	26/June/2018	6.mp4	2	-3529674;1370;	29
S33485765	26/June/2018	4.mp4	4	39464;1037;	30
S33485765	26/June/2018	35.mp4	4	14271;	31
S33485765	26/June/2018	10.mp4	5	30858;1411;	32
S33485765	26/June/2018	18.mp4	5	24416;523;	33
S33485765	26/June/2018	27.mp4	5	13676;	34
S33485765	26/June/2018	25.mp4	5	15390;3950;	35
S356759	22/June/2018	1.mp4	4	38875;	1
S356759	22/June/2018	2.mp4	2	30134;	2
S356759	22/June/2018	3.mp4	1	2693;	3
S356759	22/June/2018	32.mp4	2	29613;	4
S356759	22/June/2018	19.mp4	5	28083;	5
S356759	22/June/2018	27.mp4	5	16803;	6
S356759	22/June/2018	26.mp4	4	13900;	7
S356759	22/June/2018	29.mp4	3	17236;	8
S356759	22/June/2018	15.mp4	2	17969;	9
S356759	22/June/2018	17.mp4	3	16339;	10
S356759	22/June/2018	12.mp4	2	23180;	11
S356759	22/June/2018	33.mp4	4	29006;	12
S356759	22/June/2018	4.mp4	1	39649;	13
S356759	22/June/2018	6.mp4	1	64318;	14
S356759	22/June/2018	13.mp4	5	18187;	15
S356759	22/June/2018	30.mp4	2	11171;	16
S356759	22/June/2018	18.mp4	4	25392;	17
S356759	22/June/2018	28.mp4	2	15072;	18
S356759	22/June/2018	31.mp4	3	20039;	19
S356759	22/June/2018	16.mp4	5	26535;	20
S356759	22/June/2018	23.mp4	4	21780;	21
S356759	22/June/2018	21.mp4	4	18646;	22
S356759	22/June/2018	8.mp4	2	30113;	23
S356759	22/June/2018	10.mp4	2	28956;	24
S356759	22/June/2018	35.mp4	4	20925;	25
S356759	22/June/2018	9.mp4	4	39672;	26
S356759	22/June/2018	22.mp4	3	19485;	27
S356759	22/June/2018	34.mp4	4	12786;	28
S356759	22/June/2018	11.mp4	4	38008;	29
S356759	22/June/2018	5.mp4	1	41476;	30
S356759	22/June/2018	24.mp4	3	18514;	31
S356759	22/June/2018	14.mp4	4	18571;	32
S356759	22/June/2018	20.mp4	5	22254;	33
S356759	22/June/2018	25.mp4	4	16397;	34
S356759	22/June/2018	7.mp4	1	38396;	35
S359344	22/June/2018	1.mp4	3	20029;	1
S359344	22/June/2018	2.mp4	4	20889;	2
S359344	22/June/2018	3.mp4	1	1399;	3
S359344	22/June/2018	4.mp4	2	41030;	4
S359344	22/June/2018	35.mp4	3	23707;	5
S359344	22/June/2018	6.mp4	1	65219;86237;	6
S359344	22/June/2018	8.mp4	4	43253;	7
S359344	22/June/2018	19.mp4	3	24987;	8
S359344	22/June/2018	20.mp4	4	24550;	9
S359344	22/June/2018	18.mp4	3	26072;	10
S359344	22/June/2018	10.mp4	4	27669;	11
S359344	22/June/2018	30.mp4	3	17346;	12
S359344	22/June/2018	21.mp4	4	18623;	13
S359344	22/June/2018	7.mp4	3	42121;	14
S359344	22/June/2018	27.mp4	5	15389;	15
S359344	22/June/2018	29.mp4	2	13318;	16
S359344	22/June/2018	33.mp4	4	14225;	17
S359344	22/June/2018	13.mp4	4	25078;	18
S359344	22/June/2018	11.mp4	3	38527;	19
S359344	22/June/2018	24.mp4	4	46301;	20
S359344	22/June/2018	22.mp4	5	20991;	21
S359344	22/June/2018	31.mp4	3	20828;	22
S359344	22/June/2018	14.mp4	4	22833;	23
S359344	22/June/2018	16.mp4	3	31763;	24
S359344	22/June/2018	9.mp4	1	46501;28023;	25
S359344	22/June/2018	15.mp4	5	13259;	26
S359344	22/June/2018	5.mp4	2	48785;	27
S359344	22/June/2018	28.mp4	4	33370;	28
S359344	22/June/2018	32.mp4	4	19965;	29
S359344	22/June/2018	12.mp4	4	26820;	30
S359344	22/June/2018	23.mp4	4	24499;	31
S359344	22/June/2018	34.mp4	4	30719;	32
S359344	22/June/2018	25.mp4	5	27525;	33
S359344	22/June/2018	17.mp4	3	26489;	34
S359344	22/June/2018	26.mp4	4	17740;	35
S368541	22/June/2018	1.mp4	4	16222;100645;	1
S368541	22/June/2018	2.mp4	5	20790;14112;	2
S368541	22/June/2018	3.mp4	3	1369;	3
S368541	22/June/2018	10.mp4	4	33954;4554;	4
S368541	22/June/2018	17.mp4	5	32567;88319;	5
S368541	22/June/2018	15.mp4	5	16107;1942;	6
S368541	22/June/2018	23.mp4	3	28734;2527;	7
S368541	22/June/2018	11.mp4	2	47335;2558;	8
S368541	22/June/2018	19.mp4	3	30431;	9
S368541	22/June/2018	13.mp4	3	29150;	10
S368541	22/June/2018	8.mp4	2	42868;4059;	11
S368541	22/June/2018	7.mp4	1	38042;3960;	12
S368541	22/June/2018	16.mp4	4	37527;8667;	13
S368541	22/June/2018	4.mp4	2	45970;18373;	14
S368541	22/June/2018	31.mp4	3	16405;13344;	15
S368541	22/June/2018	26.mp4	4	27606;	16
S368541	22/June/2018	14.mp4	4	18046;51888;	17
S368541	22/June/2018	21.mp4	5	25874;	18
S368541	22/June/2018	5.mp4	3	46768;1728;	19
S368541	22/June/2018	24.mp4	4	23658;	20
S368541	22/June/2018	6.mp4	1	76558;3583;	21
S368541	22/June/2018	12.mp4	3	32369;3224;	22
S368541	22/June/2018	28.mp4	2	13026;	23
S368541	22/June/2018	22.mp4	3	26911;5771;	24
S368541	22/June/2018	33.mp4	4	14728;	25
S368541	22/June/2018	29.mp4	3	10346;	26
S368541	22/June/2018	9.mp4	2	52732;2333;	27
S368541	22/June/2018	18.mp4	5	23632;3154;	28
S368541	22/June/2018	34.mp4	4	14132;	29
S368541	22/June/2018	25.mp4	5	15014;1517;	30
S368541	22/June/2018	35.mp4	3	15430;	31
S368541	22/June/2018	27.mp4	3	33067;	32
S368541	22/June/2018	30.mp4	1	12071;	33
S368541	22/June/2018	20.mp4	3	25885;3725;	34
S368541	22/June/2018	32.mp4	4	16386;	35
S421533	22/June/2018	1.mp4	4	21998;28844;	1
S421533	22/June/2018	2.mp4	2	20755;5345;	2
S421533	22/June/2018	3.mp4	1	1981;	3
S421533	22/June/2018	22.mp4	4	19136;2850;	4
S421533	22/June/2018	24.mp4	4	17476;	5
S421533	22/June/2018	10.mp4	3	28560;	6
S421533	22/June/2018	19.mp4	3	26960;	7
S421533	22/June/2018	9.mp4	2	41748;3875;	8
S421533	22/June/2018	5.mp4	2	40098;1377;	9
S421533	22/June/2018	18.mp4	3	26449;	10
S421533	22/June/2018	29.mp4	2	14781;	11
S421533	22/June/2018	17.mp4	3	324231;	12
S421533	22/June/2018	26.mp4	4	15022;	13
S421533	22/June/2018	20.mp4	3	24383;6329;	14
S421533	22/June/2018	31.mp4	3	27104;4597;	15
S421533	22/June/2018	34.mp4	2	37742;	16
S421533	22/June/2018	23.mp4	2	22758;5549;	17
S421533	22/June/2018	13.mp4	2	21135;	18
S421533	22/June/2018	11.mp4	2	44329;2827;	19
S421533	22/June/2018	15.mp4	4	17685;7346;	20
S421533	22/June/2018	30.mp4	3	15369;	21
S421533	22/June/2018	8.mp4	2	28518;2588;	22
S421533	22/June/2018	33.mp4	2	100918;	23
S421533	22/June/2018	35.mp4	2	253497;	24
S421533	22/June/2018	21.mp4	3	172696;	25
S421533	22/June/2018	27.mp4	4	16668;	26
S421533	22/June/2018	7.mp4	2	43707;1944;	27
S421533	22/June/2018	4.mp4	3	54555;5029;	28
S421533	22/June/2018	25.mp4	3	52240;1761;	29
S421533	22/June/2018	32.mp4	3	65440;	30
S421533	22/June/2018	16.mp4	3	27767;1855;	31
S421533	22/June/2018	14.mp4	4	24328;	32
S421533	22/June/2018	6.mp4	1	64810;3633;	33
S421533	22/June/2018	12.mp4	4	20847;	34
S421533	22/June/2018	28.mp4	3	13696;	35
S45086617	26/June/2018	1.mp4	5	24336;	1
S45086617	26/June/2018	2.mp4	4	25360;	2
S45086617	26/June/2018	3.mp4	2	2634;	3
S45086617	26/June/2018	16.mp4	3	28751;	4
S45086617	26/June/2018	21.mp4	1	31060;	5
S45086617	26/June/2018	25.mp4	2	46900;	6
S45086617	26/June/2018	7.mp4	3	47109;	7
S45086617	26/June/2018	23.mp4	5	50833;	8
S45086617	26/June/2018	19.mp4	3	32366;	9
S45086617	26/June/2018	15.mp4	5	20659;	10
S45086617	26/June/2018	13.mp4	4	77031;	11
S45086617	26/June/2018	10.mp4	2	63891;	12
S45086617	26/June/2018	22.mp4	4	54424;	13
S45086617	26/June/2018	17.mp4	2	78522;	14
S45086617	26/June/2018	27.mp4	5	22630;	15
S45086617	26/June/2018	12.mp4	2	62708;	16
S45086617	26/June/2018	30.mp4	3	40142;	17
S45086617	26/June/2018	18.mp4	4	35709;	18
S45086617	26/June/2018	35.mp4	2	22156;	19
S45086617	26/June/2018	11.mp4	2	44713;	20
S45086617	26/June/2018	14.mp4	3	42541;	21
S45086617	26/June/2018	6.mp4	2	67983;	22
S45086617	26/June/2018	20.mp4	4	83654;	23
S45086617	26/June/2018	4.mp4	3	100876;	24
S45086617	26/June/2018	8.mp4	5	39451;	25
S45086617	26/June/2018	28.mp4	2	45570;	26
S45086617	26/June/2018	24.mp4	5	47219;	27
S45086617	26/June/2018	33.mp4	4	57193;	28
S45086617	26/June/2018	32.mp4	2	54619;	29
S45086617	26/June/2018	31.mp4	3	25885;	30
S45086617	26/June/2018	34.mp4	2	21033;	31
S45086617	26/June/2018	26.mp4	5	19121;	32
S45086617	26/June/2018	29.mp4	4	34993;	33
S45086617	26/June/2018	9.mp4	2	55451;	34
S45086617	26/June/2018	5.mp4	1	43286;	35
S45559	22/June/2018	1.mp4	3	45573;6728;	1
S45559	22/June/2018	2.mp4	3	27674;1615;	2
S45559	22/June/2018	3.mp4	1	3587;	3
S45559	22/June/2018	6.mp4	2	70301;1280;	4
S45559	22/June/2018	16.mp4	5	29887;648;	5
S45559	22/June/2018	14.mp4	4	22260;2750;	6
S45559	22/June/2018	12.mp4	3	26781;	7
S45559	22/June/2018	13.mp4	4	20661;722;	8
S45559	22/June/2018	15.mp4	3	30203;2431;	9
S45559	22/June/2018	7.mp4	3	41476;1839;	10
S45559	22/June/2018	28.mp4	3	24233;	11
S45559	22/June/2018	30.mp4	4	16858;	12
S45559	22/June/2018	29.mp4	3	17241;	13
S45559	22/June/2018	26.mp4	4	20699;	14
S45559	22/June/2018	9.mp4	2	44900;1583;	15
S45559	22/June/2018	11.mp4	3	40043;574;	16
S45559	22/June/2018	4.mp4	2	41920;1776;	17
S45559	22/June/2018	24.mp4	4	21485;	18
S45559	22/June/2018	35.mp4	2	16515;	19
S45559	22/June/2018	19.mp4	5	26064;	20
S45559	22/June/2018	25.mp4	4	18467;	21
S45559	22/June/2018	31.mp4	3	30054;2848;	22
S45559	22/June/2018	27.mp4	2	19912;	23
S45559	22/June/2018	32.mp4	4	20263;	24
S45559	22/June/2018	20.mp4	4	23687;1756;	25
S45559	22/June/2018	10.mp4	4	28920;1200;	26
S45559	22/June/2018	17.mp4	3	19061;	27
S45559	22/June/2018	5.mp4	3	42047;1767;	28
S45559	22/June/2018	33.mp4	4	15143;	29
S45559	22/June/2018	34.mp4	4	15664;	30
S45559	22/June/2018	8.mp4	2	-3538228;5601;	31
S45559	22/June/2018	18.mp4	4	28458;2176;	32
S45559	22/June/2018	22.mp4	4	22213;1104;	33
S45559	22/June/2018	23.mp4	4	24164;2269;	34
S45559	22/June/2018	21.mp4	5	21116;	35
S51254092	29/June/2018	1.mp4	3	16472;	1
S51254092	29/June/2018	2.mp4	3	24063;	2
S51254092	29/June/2018	3.mp4	1	2465;	3
S51254092	29/June/2018	23.mp4	4	41642;	4
S51254092	29/June/2018	12.mp4	5	26299;	5
S51254092	29/June/2018	9.mp4	2	51231;	6
S51254092	29/June/2018	4.mp4	3	61416;	7
S51254092	29/June/2018	29.mp4	3	23269;	8
S51254092	29/June/2018	5.mp4	2	49079;	9
S51254092	29/June/2018	28.mp4	3	23823;	10
S51254092	29/June/2018	8.mp4	2	28457;	11
S51254092	29/June/2018	6.mp4	1	66773;	12
S51254092	29/June/2018	20.mp4	3	33355;	13
S51254092	29/June/2018	26.mp4	4	11946;	14
S51254092	29/June/2018	17.mp4	4	13129;	15
S51254092	29/June/2018	13.mp4	4	35894;	16
S51254092	29/June/2018	15.mp4	4	11046;	17
S51254092	29/June/2018	31.mp4	3	16170;	18
S51254092	29/June/2018	27.mp4	4	19342;	19
S51254092	29/June/2018	25.mp4	4	15387;	20
S51254092	29/June/2018	33.mp4	4	14231;	21
S51254092	29/June/2018	32.mp4	4	11108;	22
S51254092	29/June/2018	7.mp4	1	36243;	23
S51254092	29/June/2018	16.mp4	5	29515;	24
S51254092	29/June/2018	22.mp4	4	29324;	25
S51254092	29/June/2018	35.mp4	3	21663;	26
S51254092	29/June/2018	11.mp4	3	114461;	27
S51254092	29/June/2018	10.mp4	4	152817;	28
S51254092	29/June/2018	14.mp4	3	31558;2057;	29
S51254092	29/June/2018	34.mp4	3	15433;	30
S51254092	29/June/2018	19.mp4	3	23271;	31
S51254092	29/June/2018	24.mp4	4	20325;	32
S51254092	29/June/2018	18.mp4	3	34967;	33
S51254092	29/June/2018	21.mp4	2	18453;	34
S51254092	29/June/2018	30.mp4	3	12591;	35
S516473	22/June/2018	1.mp4	2	17138;57401;	1
S516473	22/June/2018	2.mp4	3	83282;14470;	2
S516473	22/June/2018	3.mp4	3	122525;	3
S516473	22/June/2018	32.mp4	2	24119;	4
S516473	22/June/2018	7.mp4	2	38824;31581;406;	5
S516473	22/June/2018	19.mp4	2	30604;	6
S516473	22/June/2018	14.mp4	3	27260;19351;	7
S516473	22/June/2018	10.mp4	2	35764;18195;	8
S516473	22/June/2018	24.mp4	3	24697;	9
S516473	22/June/2018	26.mp4	4	24396;	10
S516473	22/June/2018	16.mp4	3	35625;9472;	11
S516473	22/June/2018	13.mp4	4	41598;21103;	12
S516473	22/June/2018	8.mp4	3	111141;211117;444;	13
S516473	22/June/2018	18.mp4	3	52817;2992;37097;	14
S516473	22/June/2018	33.mp4	5	18597;	15
S516473	22/June/2018	30.mp4	1	130369;1928;	16
S516473	22/June/2018	21.mp4	2	32203;	17
S516473	22/June/2018	35.mp4	3	124100;	18
S516473	22/June/2018	11.mp4	2	56760;11055;	19
S516473	22/June/2018	17.mp4	4	226190;8733;	20
S516473	22/June/2018	4.mp4	3	277539;14634;	21
S516473	22/June/2018	29.mp4	3	9254;	22
S516473	22/June/2018	5.mp4	4	43695;7344;	23
S516473	22/June/2018	25.mp4	4	31953;5283;	24
S516473	22/June/2018	9.mp4	2	39285;34524;	25
S516473	22/June/2018	28.mp4	3	14084;	26
S516473	22/June/2018	34.mp4	4	19633;	27
S516473	22/June/2018	6.mp4	3	65317;1486;352;194;	28
S516473	22/June/2018	23.mp4	3	91408;3413;666;234;	29
S516473	22/June/2018	31.mp4	4	33808;7497;	30
S516473	22/June/2018	15.mp4	4	44190;8550;	31
S516473	22/June/2018	27.mp4	4	34541;	32
S516473	22/June/2018	12.mp4	4	46009;34534;	33
S516473	22/June/2018	22.mp4	3	50717;2681;	34
S516473	22/June/2018	20.mp4	4	25369;2218;7488;	35
S52699495	29/June/2018	1.mp4	2	15600;	1
S52699495	29/June/2018	2.mp4	3	20323;6608;	2
S52699495	29/June/2018	3.mp4	3	2345;	3
S52699495	29/June/2018	29.mp4	3	11373;	4
S52699495	29/June/2018	16.mp4	1	25308;	5
S52699495	29/June/2018	23.mp4	3	21797;11170;	6
S52699495	29/June/2018	33.mp4	4	14473;	7
S52699495	29/June/2018	6.mp4	1	65544;5630;	8
S52699495	29/June/2018	7.mp4	4	36873;6444;	9
S52699495	29/June/2018	13.mp4	5	20578;5895;	10
S52699495	29/June/2018	25.mp4	5	17020;	11
S52699495	29/June/2018	20.mp4	3	22570;2158;	12
S52699495	29/June/2018	28.mp4	3	13788;	13
S52699495	29/June/2018	10.mp4	3	28572;2068;	14
S52699495	29/June/2018	21.mp4	4	19927;	15
S52699495	29/June/2018	30.mp4	2	12535;	16
S52699495	29/June/2018	9.mp4	1	39522;	17
S52699495	29/June/2018	22.mp4	4	19320;2889;	18
S52699495	29/June/2018	26.mp4	5	13545;	19
S52699495	29/June/2018	15.mp4	4	16070;3969;	20
S52699495	29/June/2018	17.mp4	4	14090;	21
S52699495	29/June/2018	4.mp4	1	43532;2020;	22
S52699495	29/June/2018	31.mp4	3	21313;	23
S52699495	29/June/2018	14.mp4	5	20427;5493;	24
S52699495	29/June/2018	32.mp4	3	21184;	25
S52699495	29/June/2018	12.mp4	5	19574;2418;	26
S52699495	29/June/2018	35.mp4	3	14490;	27
S52699495	29/June/2018	19.mp4	4	25952;	28
S52699495	29/June/2018	11.mp4	1	39000;2451;	29
S52699495	29/June/2018	5.mp4	3	38525;1821;	30
S52699495	29/June/2018	27.mp4	5	14724;	31
S52699495	29/June/2018	24.mp4	4	17390;	32
S52699495	29/June/2018	8.mp4	2	28471;	33
S52699495	29/June/2018	34.mp4	3	13904;	34
S52699495	29/June/2018	18.mp4	2	24053;2720;	35
S546720	22/June/2018	1.mp4	4	27165;	1
S546720	22/June/2018	2.mp4	4	24376;	2
S546720	22/June/2018	3.mp4	2	1678;	3
S546720	22/June/2018	14.mp4	5	36878;	4
S546720	22/June/2018	32.mp4	3	21320;	5
S546720	22/June/2018	30.mp4	4	17759;	6
S546720	22/June/2018	22.mp4	5	26606;	7
S546720	22/June/2018	29.mp4	3	17534;	8
S546720	22/June/2018	5.mp4	1	44487;	9
S546720	22/June/2018	24.mp4	5	23950;	10
S546720	22/June/2018	16.mp4	5	39732;	11
S546720	22/June/2018	19.mp4	4	32050;	12
S546720	22/June/2018	25.mp4	5	34637;	13
S546720	22/June/2018	12.mp4	4	24580;	14
S546720	22/June/2018	21.mp4	5	27337;	15
S546720	22/June/2018	28.mp4	3	17126;	16
S546720	22/June/2018	6.mp4	1	66342;	17
S546720	22/June/2018	10.mp4	5	41214;	18
S546720	22/June/2018	11.mp4	4	43129;	19
S546720	22/June/2018	33.mp4	4	17770;	20
S546720	22/June/2018	13.mp4	5	33137;	21
S546720	22/June/2018	18.mp4	4	37496;	22
S546720	22/June/2018	9.mp4	2	42314;	23
S546720	22/June/2018	31.mp4	4	14600;	24
S546720	22/June/2018	15.mp4	5	17642;	25
S546720	22/June/2018	23.mp4	5	28928;	26
S546720	22/June/2018	20.mp4	4	31810;	27
S546720	22/June/2018	26.mp4	5	14170;	28
S546720	22/June/2018	7.mp4	3	37787;	29
S546720	22/June/2018	17.mp4	5	17571;	30
S546720	22/June/2018	34.mp4	4	20273;	31
S546720	22/June/2018	27.mp4	5	21281;	32
S546720	22/June/2018	8.mp4	4	34862;	33
S546720	22/June/2018	4.mp4	1	46716;	34
S546720	22/June/2018	35.mp4	3	18155;	35
S557436	22/June/2018	1.mp4	4	24727;9317;	1
S557436	22/June/2018	2.mp4	4	21770;29042;	2
S557436	22/June/2018	3.mp4	2	2731;	3
S557436	22/June/2018	4.mp4	3	50760;3130;	4
S557436	22/June/2018	17.mp4	5	15493;663;	5
S557436	22/June/2018	29.mp4	4	21775;	6
S557436	22/June/2018	31.mp4	4	21664;972;	7
S557436	22/June/2018	8.mp4	4	30071;2460;	8
S557436	22/June/2018	34.mp4	4	37656;	9
S557436	22/June/2018	25.mp4	5	22121;	10
S557436	22/June/2018	18.mp4	5	27174;1607;	11
S557436	22/June/2018	11.mp4	3	38312;2220;	12
S557436	22/June/2018	7.mp4	3	41037;1938;	13
S557436	22/June/2018	14.mp4	4	25469;3972;	14
S557436	22/June/2018	20.mp4	4	34436;10091;	15
S557436	22/June/2018	22.mp4	5	25852;2712;	16
S557436	22/June/2018	5.mp4	4	68642;2683;	17
S557436	22/June/2018	24.mp4	5	18894;	18
S557436	22/June/2018	21.mp4	5	44616;	19
S557436	22/June/2018	28.mp4	3	17179;	20
S557436	22/June/2018	10.mp4	3	31025;3348;	21
S557436	22/June/2018	32.mp4	5	14584;	22
S557436	22/June/2018	9.mp4	2	65044;2295;	23
S557436	22/June/2018	33.mp4	5	17835;	24
S557436	22/June/2018	27.mp4	4	26606;	25
S557436	22/June/2018	19.mp4	4	36442;	26
S557436	22/June/2018	12.mp4	4	20828;1731;	27
S557436	22/June/2018	13.mp4	4	20368;1320;	28
S557436	22/June/2018	6.mp4	1	65986;2303;	29
S557436	22/June/2018	35.mp4	5	15144;	30
S557436	22/June/2018	23.mp4	5	22100;1758;	31
S557436	22/June/2018	26.mp4	4	15262;	32
S557436	22/June/2018	30.mp4	4	15894;	33
S557436	22/June/2018	15.mp4	5	14605;2306;	34
S557436	22/June/2018	16.mp4	5	26643;2221;	35
S606018	22/June/2018	1.mp4	2	24289;4039;	1
S606018	22/June/2018	2.mp4	3	21303;4728;	2
S606018	22/June/2018	3.mp4	1	2228;	3
S606018	22/June/2018	25.mp4	4	15686;1938;	4
S606018	22/June/2018	14.mp4	4	17495;2470;	5
S606018	22/June/2018	20.mp4	4	21606;4487;	6
S606018	22/June/2018	34.mp4	3	13330;	7
S606018	22/June/2018	4.mp4	1	40740;1897;	8
S606018	22/June/2018	15.mp4	4	11730;707;	9
S606018	22/June/2018	35.mp4	3	13566;	10
S606018	22/June/2018	5.mp4	1	38528;2050;	11
S606018	22/June/2018	10.mp4	3	26163;861;	12
S606018	22/June/2018	22.mp4	4	17067;835;	13
S606018	22/June/2018	23.mp4	4	18909;667;	14
S606018	22/June/2018	26.mp4	4	12139;	15
S606018	22/June/2018	19.mp4	3	23998;	16
S606018	22/June/2018	27.mp4	4	13985;	17
S606018	22/June/2018	33.mp4	3	14648;	18
S606018	22/June/2018	12.mp4	4	18334;1785;	19
S606018	22/June/2018	11.mp4	3	37454;1110;	20
S606018	22/June/2018	24.mp4	4	16790;	21
S606018	22/June/2018	16.mp4	4	25155;1383;	22
S606018	22/June/2018	6.mp4	1	70043;788;	23
S606018	22/June/2018	31.mp4	3	13230;8148;	24
S606018	22/June/2018	18.mp4	4	25111;56;	25
S606018	22/June/2018	21.mp4	3	23544;	26
S606018	22/June/2018	30.mp4	4	18673;	27
S606018	22/June/2018	32.mp4	4	12928;	28
S606018	22/June/2018	7.mp4	1	37252;1567;	29
S606018	22/June/2018	13.mp4	4	17056;1143;	30
S606018	22/June/2018	29.mp4	3	10616;	31
S606018	22/June/2018	9.mp4	2	39789;48;	32
S606018	22/June/2018	8.mp4	3	28257;1665;	33
S606018	22/June/2018	17.mp4	4	13609;1014;	34
S606018	22/June/2018	28.mp4	3	12222;	35
S61025202	29/June/2018	1.mp4	3	25403;	1
S61025202	29/June/2018	2.mp4	3	23688;	2
S61025202	29/June/2018	3.mp4	2	2418;	3
S61025202	29/June/2018	17.mp4	4	17086;	4
S61025202	29/June/2018	32.mp4	3	17659;	5
S61025202	29/June/2018	10.mp4	4	29499;	6
S61025202	29/June/2018	13.mp4	4	20734;	7
S61025202	29/June/2018	6.mp4	1	68063;	8
S61025202	29/June/2018	5.mp4	4	40110;	9
S61025202	29/June/2018	21.mp4	5	21529;	10
S61025202	29/June/2018	24.mp4	3	18389;	11
S61025202	29/June/2018	27.mp4	4	15627;	12
S61025202	29/June/2018	22.mp4	5	18877;	13
S61025202	29/June/2018	19.mp4	4	25682;	14
S61025202	29/June/2018	16.mp4	4	27376;	15
S61025202	29/June/2018	12.mp4	5	20445;	16
S61025202	29/June/2018	25.mp4	5	17974;	17
S61025202	29/June/2018	4.mp4	1	41781;31973;	18
S61025202	29/June/2018	34.mp4	3	103005;	19
S61025202	29/June/2018	18.mp4	4	26194;	20
S61025202	29/June/2018	9.mp4	4	44574;	21
S61025202	29/June/2018	31.mp4	3	32026;	22
S61025202	29/June/2018	20.mp4	4	30230;	23
S61025202	29/June/2018	23.mp4	4	21397;	24
S61025202	29/June/2018	29.mp4	3	35122;	25
S61025202	29/June/2018	28.mp4	3	19195;	26
S61025202	29/June/2018	30.mp4	3	17605;	27
S61025202	29/June/2018	35.mp4	3	14737;	28
S61025202	29/June/2018	15.mp4	4	16302;	29
S61025202	29/June/2018	8.mp4	4	32099;	30
S61025202	29/June/2018	26.mp4	4	13978;	31
S61025202	29/June/2018	14.mp4	3	21492;	32
S61025202	29/June/2018	7.mp4	2	39141;	33
S61025202	29/June/2018	33.mp4	4	16505;	34
S61025202	29/June/2018	11.mp4	2	40249;	35
S62671361	26/June/2018	1.mp4	4	27832;	1
S62671361	26/June/2018	2.mp4	4	24452;	2
S62671361	26/June/2018	3.mp4	3	3515;	3
S62671361	26/June/2018	5.mp4	4	41078;	4
S62671361	26/June/2018	16.mp4	4	28995;	5
S62671361	26/June/2018	17.mp4	5	17802;	6
S62671361	26/June/2018	13.mp4	4	22057;	7
S62671361	26/June/2018	34.mp4	1	32931;	8
S62671361	26/June/2018	10.mp4	5	30477;	9
S62671361	26/June/2018	23.mp4	5	23302;	10
S62671361	26/June/2018	7.mp4	2	50514;	11
S62671361	26/June/2018	12.mp4	4	21804;5088;	12
S62671361	26/June/2018	4.mp4	3	44627;3858;	13
S62671361	26/June/2018	28.mp4	1	29308;	14
S62671361	26/June/2018	19.mp4	5	25503;	15
S62671361	26/June/2018	8.mp4	4	34111;	16
S62671361	26/June/2018	32.mp4	1	36183;	17
S62671361	26/June/2018	30.mp4	1	18922;	18
S62671361	26/June/2018	24.mp4	4	25667;	19
S62671361	26/June/2018	22.mp4	5	28577;	20
S62671361	26/June/2018	21.mp4	4	25235;	21
S62671361	26/June/2018	27.mp4	5	26647;	22
S62671361	26/June/2018	14.mp4	5	22367;	23
S62671361	26/June/2018	25.mp4	5	39960;	24
S62671361	26/June/2018	26.mp4	5	17394;	25
S62671361	26/June/2018	31.mp4	1	15497;	26
S62671361	26/June/2018	33.mp4	1	17855;	27
S62671361	26/June/2018	29.mp4	1	13476;	28
S62671361	26/June/2018	6.mp4	1	67405;3482;	29
S62671361	26/June/2018	35.mp4	3	30678;	30
S62671361	26/June/2018	11.mp4	4	41143;	31
S62671361	26/June/2018	20.mp4	4	23729;14059;	32
S62671361	26/June/2018	18.mp4	5	26020;	33
S62671361	26/June/2018	15.mp4	5	-3583522;3107;	34
S62671361	26/June/2018	9.mp4	3	42362;	35
S629044	22/June/2018	1.mp4	5	19159;5496;	1
S629044	22/June/2018	2.mp4	4	20725;6828;	2
S629044	22/June/2018	3.mp4	1	1853;	3
S629044	22/June/2018	7.mp4	2	36964;552;	4
S629044	22/June/2018	31.mp4	2	15743;3735;	5
S629044	22/June/2018	19.mp4	4	27422;	6
S629044	22/June/2018	21.mp4	5	16452;	7
S629044	22/June/2018	30.mp4	5	16326;	8
S629044	22/June/2018	29.mp4	4	10549;	9
S629044	22/June/2018	35.mp4	5	12822;	10
S629044	22/June/2018	13.mp4	2	19659;6873;	11
S629044	22/June/2018	20.mp4	4	22405;1063;	12
S629044	22/June/2018	15.mp4	5	12138;1249;	13
S629044	22/June/2018	32.mp4	5	13782;	14
S629044	22/June/2018	17.mp4	5	14503;3672;	15
S629044	22/June/2018	23.mp4	5	19006;1004;	16
S629044	22/June/2018	5.mp4	1	38987;2195;	17
S629044	22/June/2018	28.mp4	2	16658;	18
S629044	22/June/2018	27.mp4	5	18312;	19
S629044	22/June/2018	18.mp4	5	23629;11506;	20
S629044	22/June/2018	4.mp4	2	38830;9604;	21
S629044	22/June/2018	34.mp4	5	17290;	22
S629044	22/June/2018	25.mp4	2	24955;1668;	23
S629044	22/June/2018	9.mp4	1	40334;2446;	24
S629044	22/June/2018	12.mp4	2	21311;763;	25
S629044	22/June/2018	14.mp4	3	17405;641;	26
S629044	22/June/2018	22.mp4	5	17290;5886;	27
S629044	22/June/2018	24.mp4	5	16336;	28
S629044	22/June/2018	33.mp4	5	13182;	29
S629044	22/June/2018	16.mp4	4	29237;2459;	30
S629044	22/June/2018	8.mp4	4	30139;7821;	31
S629044	22/June/2018	6.mp4	1	64145;10759;	32
S629044	22/June/2018	10.mp4	2	31138;29787;	33
S629044	22/June/2018	11.mp4	1	41244;10030;	34
S629044	22/June/2018	26.mp4	4	18856;	35
S63531323	26/June/2018	1.mp4	4	20920;25843;	1
S63531323	26/June/2018	2.mp4	4	21469;1962;	2
S63531323	26/June/2018	3.mp4	2	2336;	3
S63531323	26/June/2018	16.mp4	4	25913;556;	4
S63531323	26/June/2018	27.mp4	4	13956;	5
S63531323	26/June/2018	10.mp4	4	31208;1881;	6
S63531323	26/June/2018	19.mp4	4	24435;	7
S63531323	26/June/2018	11.mp4	3	42676;	8
S63531323	26/June/2018	24.mp4	4	18645;	9
S63531323	26/June/2018	13.mp4	4	18518;976;	10
S63531323	26/June/2018	8.mp4	3	30222;1663;	11
S63531323	26/June/2018	34.mp4	3	18522;	12
S63531323	26/June/2018	6.mp4	1	63846;2984;	13
S63531323	26/June/2018	14.mp4	4	17733;860;	14
S63531323	26/June/2018	32.mp4	3	13026;	15
S63531323	26/June/2018	29.mp4	3	11242;	16
S63531323	26/June/2018	17.mp4	4	13926;694;	17
S63531323	26/June/2018	4.mp4	3	39931;1320;	18
S63531323	26/June/2018	12.mp4	4	20243;873;	19
S63531323	26/June/2018	23.mp4	4	21599;3077;	20
S63531323	26/June/2018	26.mp4	4	13715;	21
S63531323	26/June/2018	35.mp4	4	13743;	22
S63531323	26/June/2018	28.mp4	3	13028;	23
S63531323	26/June/2018	25.mp4	5	15685;1134;	24
S63531323	26/June/2018	21.mp4	5	16291;	25
S63531323	26/June/2018	30.mp4	4	10791;	26
S63531323	26/June/2018	15.mp4	4	38682;	27
S63531323	26/June/2018	20.mp4	4	22843;1234;	28
S63531323	26/June/2018	18.mp4	5	25228;1257;	29
S63531323	26/June/2018	22.mp4	5	17660;1610;	30
S63531323	26/June/2018	5.mp4	1	38274;3273;	31
S63531323	26/June/2018	7.mp4	1	37391;1464;	32
S63531323	26/June/2018	9.mp4	5	39509;1282;	33
S63531323	26/June/2018	33.mp4	4	14154;	34
S63531323	26/June/2018	31.mp4	4	12199;1554;	35
S644057	22/June/2018	1.mp4	4	24516;8669;	1
S644057	22/June/2018	2.mp4	4	22169;50072;	2
S644057	22/June/2018	3.mp4	4	1886;	3
S644057	22/June/2018	22.mp4	5	17845;24108;	4
S644057	22/June/2018	11.mp4	2	45053;40986;	5
S644057	22/June/2018	5.mp4	1	40695;1664;	6
S644057	22/June/2018	4.mp4	1	48460;3839;	7
S644057	22/June/2018	7.mp4	2	37461;476;	8
S644057	22/June/2018	24.mp4	4	32569;	9
S644057	22/June/2018	14.mp4	5	42380;2043;	10
S644057	22/June/2018	12.mp4	5	18280;690;	11
S644057	22/June/2018	8.mp4	3	27824;640;	12
S644057	22/June/2018	26.mp4	5	29327;	13
S644057	22/June/2018	6.mp4	1	-3530223;2634;	14
S644057	22/June/2018	25.mp4	5	45546;1749;	15
S644057	22/June/2018	18.mp4	3	33189;	16
S644057	22/June/2018	31.mp4	3	16876;3103;	17
S644057	22/June/2018	19.mp4	3	25239;	18
S644057	22/June/2018	13.mp4	4	18227;1621;	19
S644057	22/June/2018	34.mp4	4	15297;	20
S644057	22/June/2018	20.mp4	4	26340;	21
S644057	22/June/2018	16.mp4	4	64730;	22
S644057	22/June/2018	17.mp4	5	13757;2250;	23
S644057	22/June/2018	9.mp4	2	40646;1884;	24
S644057	22/June/2018	23.mp4	4	25216;4438;	25
S644057	22/June/2018	28.mp4	3	15578;	26
S644057	22/June/2018	32.mp4	3	32764;	27
S644057	22/June/2018	15.mp4	5	19822;7050;	28
S644057	22/June/2018	21.mp4	4	26011;	29
S644057	22/June/2018	27.mp4	4	22643;	30
S644057	22/June/2018	30.mp4	3	33529;	31
S644057	22/June/2018	35.mp4	3	15472;	32
S644057	22/June/2018	10.mp4	2	36107;4086;	33
S644057	22/June/2018	33.mp4	3	14028;	34
S644057	22/June/2018	29.mp4	3	11772;	35
S65057399	29/June/2018	1.mp4	4	20486;	1
S65057399	29/June/2018	2.mp4	4	21524;	2
S65057399	29/June/2018	3.mp4	1	1889;	3
S65057399	29/June/2018	9.mp4	4	41236;	4
S65057399	29/June/2018	14.mp4	4	19271;	5
S65057399	29/June/2018	7.mp4	1	37652;	6
S65057399	29/June/2018	20.mp4	4	24184;	7
S65057399	29/June/2018	13.mp4	4	20721;	8
S65057399	29/June/2018	16.mp4	3	26024;	9
S65057399	29/June/2018	35.mp4	2	19832;	10
S65057399	29/June/2018	23.mp4	3	20552;	11
S65057399	29/June/2018	31.mp4	4	14089;	12
S65057399	29/June/2018	15.mp4	5	15113;	13
S65057399	29/June/2018	12.mp4	4	20027;	14
S65057399	29/June/2018	22.mp4	4	18978;	15
S65057399	29/June/2018	4.mp4	1	41657;	16
S65057399	29/June/2018	30.mp4	2	12337;	17
S65057399	29/June/2018	34.mp4	4	14727;	18
S65057399	29/June/2018	32.mp4	4	14423;	19
S65057399	29/June/2018	28.mp4	2	14213;	20
S65057399	29/June/2018	8.mp4	2	29842;	21
S65057399	29/June/2018	24.mp4	4	20139;	22
S65057399	29/June/2018	21.mp4	4	18536;	23
S65057399	29/June/2018	6.mp4	1	70732;	24
S65057399	29/June/2018	25.mp4	5	15771;	25
S65057399	29/June/2018	33.mp4	4	13151;	26
S65057399	29/June/2018	17.mp4	5	14846;	27
S65057399	29/June/2018	29.mp4	3	10463;	28
S65057399	29/June/2018	11.mp4	4	38989;	29
S65057399	29/June/2018	19.mp4	4	24545;	30
S65057399	29/June/2018	26.mp4	4	13147;	31
S65057399	29/June/2018	10.mp4	3	28236;	32
S65057399	29/June/2018	5.mp4	1	39351;	33
S65057399	29/June/2018	18.mp4	4	-3574719;	34
S65057399	29/June/2018	27.mp4	5	14821;	35
S65431083	26/June/2018	1.mp4	3	32358;190981;	1
S65431083	26/June/2018	2.mp4	2	32918;21285;	2
S65431083	26/June/2018	3.mp4	2	2705;	3
S65431083	26/June/2018	32.mp4	2	22481;	4
S65431083	26/June/2018	7.mp4	2	42396;19312;	5
S65431083	26/June/2018	21.mp4	4	28623;	6
S65431083	26/June/2018	35.mp4	3	23882;	7
S65431083	26/June/2018	27.mp4	3	31496;	8
S65431083	26/June/2018	14.mp4	3	22306;30193;	9
S65431083	26/June/2018	34.mp4	4	28133;	10
S65431083	26/June/2018	13.mp4	3	29258;25826;	11
S65431083	26/June/2018	20.mp4	4	31654;23450;	12
S65431083	26/June/2018	8.mp4	2	35137;7336;	13
S65431083	26/June/2018	16.mp4	4	38685;133503;	14
S65431083	26/June/2018	24.mp4	4	23547;	15
S65431083	26/June/2018	23.mp4	4	25009;	16
S65431083	26/June/2018	29.mp4	3	16751;	17
S65431083	26/June/2018	15.mp4	3	19935;10809;	18
S65431083	26/June/2018	5.mp4	2	42400;20378;	19
S65431083	26/June/2018	4.mp4	2	47242;8568;	20
S65431083	26/June/2018	12.mp4	3	22450;6133;	21
S65431083	26/June/2018	18.mp4	4	28279;3461;	22
S65431083	26/June/2018	9.mp4	3	43136;3404;	23
S65431083	26/June/2018	26.mp4	3	15650;	24
S65431083	26/June/2018	10.mp4	2	30485;12831;	25
S65431083	26/June/2018	11.mp4	3	43574;4666;	26
S65431083	26/June/2018	19.mp4	4	31619;	27
S65431083	26/June/2018	33.mp4	3	18649;	28
S65431083	26/June/2018	31.mp4	2	16841;	29
S65431083	26/June/2018	30.mp4	3	14662;	30
S65431083	26/June/2018	22.mp4	4	28085;13869;	31
S65431083	26/June/2018	25.mp4	3	22466;3599;	32
S65431083	26/June/2018	28.mp4	3	16905;	33
S65431083	26/June/2018	6.mp4	1	68412;3948;	34
S65431083	26/June/2018	17.mp4	3	21201;6096;	35
S65563428	26/June/2018	1.mp4	3	33144;21159;	1
S65563428	26/June/2018	2.mp4	3	24818;4876;	2
S65563428	26/June/2018	3.mp4	2	3017;	3
S65563428	26/June/2018	32.mp4	3	19760;	4
S65563428	26/June/2018	15.mp4	4	16666;2872;	5
S65563428	26/June/2018	12.mp4	3	23637;3807;	6
S65563428	26/June/2018	4.mp4	1	44277;2382;	7
S65563428	26/June/2018	16.mp4	1	33042;4329;	8
S65563428	26/June/2018	13.mp4	5	23098;1162;	9
S65563428	26/June/2018	24.mp4	5	23384;	10
S65563428	26/June/2018	17.mp4	4	18630;2403;	11
S65563428	26/June/2018	11.mp4	1	43460;1825;	12
S65563428	26/June/2018	33.mp4	2	18568;	13
S65563428	26/June/2018	26.mp4	5	15665;	14
S65563428	26/June/2018	25.mp4	5	18083;2066;	15
S65563428	26/June/2018	29.mp4	2	13603;	16
S65563428	26/June/2018	22.mp4	5	20546;2910;	17
S65563428	26/June/2018	19.mp4	1	28013;	18
S65563428	26/June/2018	5.mp4	1	42336;2061;	19
S65563428	26/June/2018	6.mp4	1	69960;2193;	20
S65563428	26/June/2018	27.mp4	5	20773;	21
S65563428	26/June/2018	35.mp4	2	22424;	22
S65563428	26/June/2018	30.mp4	2	16382;	23
S65563428	26/June/2018	34.mp4	4	14913;	24
S65563428	26/June/2018	18.mp4	2	28687;2562;	25
S65563428	26/June/2018	31.mp4	3	23243;2620;	26
S65563428	26/June/2018	21.mp4	3	23771;	27
S65563428	26/June/2018	9.mp4	2	47499;3002;	28
S65563428	26/June/2018	28.mp4	2	17498;	29
S65563428	26/June/2018	20.mp4	3	25470;2691;	30
S65563428	26/June/2018	7.mp4	2	41416;3742;	31
S65563428	26/June/2018	8.mp4	2	33269;5593;	32
S65563428	26/June/2018	23.mp4	3	21265;4992;	33
S65563428	26/June/2018	14.mp4	5	21450;	34
S65563428	26/June/2018	10.mp4	3	29998;2276;	35
S677286	22/June/2018	1.mp4	2	23531;10005;	1
S677286	22/June/2018	2.mp4	5	21585;1950;	2
S677286	22/June/2018	3.mp4	1	3081;	3
S677286	22/June/2018	9.mp4	4	45374;1856;	4
S677286	22/June/2018	7.mp4	3	37730;2618;	5
S677286	22/June/2018	21.mp4	5	19049;	6
S677286	22/June/2018	14.mp4	5	21189;1831;	7
S677286	22/June/2018	5.mp4	1	41936;9404;	8
S677286	22/June/2018	27.mp4	5	19165;	9
S677286	22/June/2018	19.mp4	5	25066;	10
S677286	22/June/2018	23.mp4	5	23007;2429;	11
S677286	22/June/2018	18.mp4	5	25093;2279;	12
S677286	22/June/2018	22.mp4	5	19149;1491;	13
S677286	22/June/2018	30.mp4	3	16285;	14
S677286	22/June/2018	10.mp4	5	27962;963;	15
S677286	22/June/2018	32.mp4	5	18479;	16
S677286	22/June/2018	8.mp4	2	28822;1890;	17
S677286	22/June/2018	28.mp4	3	17595;	18
S677286	22/June/2018	35.mp4	4	15804;	19
S677286	22/June/2018	26.mp4	5	17332;	20
S677286	22/June/2018	33.mp4	4	15276;	21
S677286	22/June/2018	20.mp4	5	26997;1561;	22
S677286	22/June/2018	4.mp4	5	41319;10770;	23
S677286	22/June/2018	12.mp4	5	20346;1538;	24
S677286	22/June/2018	13.mp4	5	18264;3084;	25
S677286	22/June/2018	11.mp4	4	41541;5712;	26
S677286	22/June/2018	24.mp4	5	18296;	27
S677286	22/June/2018	31.mp4	4	17114;1605;	28
S677286	22/June/2018	25.mp4	5	16887;2295;	29
S677286	22/June/2018	17.mp4	5	14317;3386;	30
S677286	22/June/2018	6.mp4	1	68237;956;	31
S677286	22/June/2018	16.mp4	5	26452;2837;	32
S677286	22/June/2018	29.mp4	3	25493;	33
S677286	22/June/2018	15.mp4	4	14073;1129;	34
S677286	22/June/2018	34.mp4	5	14564;	35
S71252812	26/June/2018	1.mp4	4	26205;9841;	1
S71252812	26/June/2018	2.mp4	3	29393;4515;	2
S71252812	26/June/2018	3.mp4	4	3114;	3
S71252812	26/June/2018	22.mp4	4	24389;5898;	4
S71252812	26/June/2018	14.mp4	4	23339;2413;	5
S71252812	26/June/2018	7.mp4	3	43431;	6
S71252812	26/June/2018	28.mp4	3	29027;	7
S71252812	26/June/2018	8.mp4	4	35529;2734;	8
S71252812	26/June/2018	20.mp4	5	28203;3119;	9
S71252812	26/June/2018	10.mp4	4	30597;3390;	10
S71252812	26/June/2018	18.mp4	4	27932;1682;	11
S71252812	26/June/2018	26.mp4	5	16262;	12
S71252812	26/June/2018	34.mp4	4	23175;	13
S71252812	26/June/2018	27.mp4	5	17592;	14
S71252812	26/June/2018	4.mp4	3	43016;1758;	15
S71252812	26/June/2018	30.mp4	3	19062;	16
S71252812	26/June/2018	13.mp4	4	25439;2897;	17
S71252812	26/June/2018	32.mp4	4	24383;	18
S71252812	26/June/2018	21.mp4	5	21682;	19
S71252812	26/June/2018	6.mp4	2	68265;1779;	20
S71252812	26/June/2018	11.mp4	3	40708;2032;	21
S71252812	26/June/2018	17.mp4	5	34921;1607;	22
S71252812	26/June/2018	31.mp4	4	18129;1650;	23
S71252812	26/June/2018	9.mp4	3	43200;1849;	24
S71252812	26/June/2018	29.mp4	4	15977;	25
S71252812	26/June/2018	12.mp4	5	21676;892;	26
S71252812	26/June/2018	33.mp4	3	35737;	27
S71252812	26/June/2018	5.mp4	3	44690;70954;	28
S71252812	26/June/2018	25.mp4	5	19406;4304;	29
S71252812	26/June/2018	19.mp4	4	25829;	30
S71252812	26/June/2018	24.mp4	4	20096;	31
S71252812	26/June/2018	16.mp4	4	30567;2125;	32
S71252812	26/June/2018	35.mp4	4	15325;	33
S71252812	26/June/2018	15.mp4	5	15544;2570;	34
S71252812	26/June/2018	23.mp4	5	23857;2329;	35
S74716187	29/June/2018	1.mp4	3	18826;	1
S74716187	29/June/2018	2.mp4	2	22056;	2
S74716187	29/June/2018	3.mp4	2	2841;	3
S74716187	29/June/2018	29.mp4	4	14043;	4
S74716187	29/June/2018	31.mp4	4	14234;	5
S74716187	29/June/2018	15.mp4	4	12727;	6
S74716187	29/June/2018	17.mp4	5	15543;	7
S74716187	29/June/2018	6.mp4	1	64980;	8
S74716187	29/June/2018	18.mp4	4	26008;	9
S74716187	29/June/2018	34.mp4	4	14466;	10
S74716187	29/June/2018	4.mp4	3	40970;	11
S74716187	29/June/2018	28.mp4	4	15056;	12
S74716187	29/June/2018	12.mp4	4	20525;	13
S74716187	29/June/2018	10.mp4	5	29187;	14
S74716187	29/June/2018	9.mp4	3	-3560189;	15
S74716187	29/June/2018	24.mp4	4	17391;	16
S74716187	29/June/2018	26.mp4	4	12866;	17
S74716187	29/June/2018	22.mp4	4	18430;	18
S74716187	29/June/2018	25.mp4	5	15554;	19
S74716187	29/June/2018	5.mp4	3	39818;	20
S74716187	29/June/2018	19.mp4	4	24619;	21
S74716187	29/June/2018	32.mp4	4	15052;	22
S74716187	29/June/2018	30.mp4	3	11806;	23
S74716187	29/June/2018	7.mp4	3	36832;	24
S74716187	29/June/2018	23.mp4	4	19876;	25
S74716187	29/June/2018	21.mp4	4	17515;	26
S74716187	29/June/2018	14.mp4	4	18570;	27
S74716187	29/June/2018	20.mp4	4	22687;	28
S74716187	29/June/2018	11.mp4	2	39046;	29
S74716187	29/June/2018	27.mp4	4	15100;	30
S74716187	29/June/2018	16.mp4	3	26698;	31
S74716187	29/June/2018	33.mp4	3	27078;	32
S74716187	29/June/2018	8.mp4	3	30524;	33
S74716187	29/June/2018	35.mp4	3	14039;	34
S74716187	29/June/2018	13.mp4	5	19984;	35
S759268	22/June/2018	1.mp4	4	34691;22595;	1
S759268	22/June/2018	2.mp4	3	22340;20932;	2
S759268	22/June/2018	3.mp4	1	2517;	3
S759268	22/June/2018	30.mp4	4	33217;	4
S759268	22/June/2018	18.mp4	4	25634;2739;	5
S759268	22/June/2018	24.mp4	4	20279;	6
S759268	22/June/2018	32.mp4	4	25979;	7
S759268	22/June/2018	21.mp4	4	18232;	8
S759268	22/June/2018	35.mp4	2	16345;	9
S759268	22/June/2018	11.mp4	2	38790;2049;	10
S759268	22/June/2018	6.mp4	1	64709;2621;	11
S759268	22/June/2018	13.mp4	2	20280;1344;	12
S759268	22/June/2018	10.mp4	3	29043;2901;	13
S759268	22/June/2018	31.mp4	3	18512;1548;	14
S759268	22/June/2018	5.mp4	1	38490;1996;	15
S759268	22/June/2018	20.mp4	5	23415;1308;	16
S759268	22/June/2018	8.mp4	2	28448;1236;	17
S759268	22/June/2018	19.mp4	5	24655;	18
S759268	22/June/2018	17.mp4	4	15968;1533;	19
S759268	22/June/2018	12.mp4	3	20129;1199;	20
S759268	22/June/2018	23.mp4	5	20694;1018;	21
S759268	22/June/2018	16.mp4	5	25558;954;	22
S759268	22/June/2018	26.mp4	3	16140;	23
S759268	22/June/2018	4.mp4	1	40550;830;	24
S759268	22/June/2018	15.mp4	4	13538;1637;	25
S759268	22/June/2018	27.mp4	3	14764;	26
S759268	22/June/2018	28.mp4	2	18659;	27
S759268	22/June/2018	7.mp4	1	38805;	28
S759268	22/June/2018	34.mp4	4	14461;	29
S759268	22/June/2018	9.mp4	2	39460;2026;	30
S759268	22/June/2018	25.mp4	4	15936;1282;	31
S759268	22/June/2018	33.mp4	4	14392;	32
S759268	22/June/2018	22.mp4	5	20283;1220;	33
S759268	22/June/2018	29.mp4	4	14196;	34
S759268	22/June/2018	14.mp4	3	18341;1400;	35
S78197418	29/June/2018	1.mp4	4	25211;47716;	1
S78197418	29/June/2018	2.mp4	4	22292;3735;	2
S78197418	29/June/2018	3.mp4	1	3052;	3
S78197418	29/June/2018	32.mp4	4	27955;	4
S78197418	29/June/2018	16.mp4	3	26130;9119;	5
S78197418	29/June/2018	33.mp4	4	16733;	6
S78197418	29/June/2018	27.mp4	5	17645;	7
S78197418	29/June/2018	26.mp4	5	18005;	8
S78197418	29/June/2018	29.mp4	4	12282;	9
S78197418	29/June/2018	28.mp4	4	15748;	10
S78197418	29/June/2018	25.mp4	5	54757;	11
S78197418	29/June/2018	5.mp4	1	39927;4208;	12
S78197418	29/June/2018	24.mp4	5	17978;	13
S78197418	29/June/2018	20.mp4	5	25205;1545;	14
S78197418	29/June/2018	13.mp4	5	19601;2274;	15
S78197418	29/June/2018	11.mp4	4	38267;1976;	16
S78197418	29/June/2018	12.mp4	5	19119;	17
S78197418	29/June/2018	14.mp4	5	18161;	18
S78197418	29/June/2018	30.mp4	5	30118;	19
S78197418	29/June/2018	10.mp4	4	29243;2735;	20
S78197418	29/June/2018	9.mp4	3	42685;8101;	21
S78197418	29/June/2018	31.mp4	3	13592;	22
S78197418	29/June/2018	34.mp4	4	93370;	23
S78197418	29/June/2018	4.mp4	1	39984;2494;	24
S78197418	29/June/2018	6.mp4	1	63660;1763;	25
S78197418	29/June/2018	7.mp4	2	36711;2505;	26
S78197418	29/June/2018	22.mp4	4	17178;2061;	27
S78197418	29/June/2018	8.mp4	4	28404;2553;	28
S78197418	29/June/2018	35.mp4	3	19243;	29
S78197418	29/June/2018	15.mp4	5	13600;2161;	30
S78197418	29/June/2018	23.mp4	5	19324;1851;	31
S78197418	29/June/2018	19.mp4	5	24112;	32
S78197418	29/June/2018	21.mp4	4	19641;	33
S78197418	29/June/2018	18.mp4	5	24618;1698;	34
S78197418	29/June/2018	17.mp4	5	13945;4147;	35
S84049839	29/June/2018	1.mp4	3	22416;3178;	1
S84049839	29/June/2018	2.mp4	2	26391;2350;	2
S84049839	29/June/2018	3.mp4	2	2808;	3
S84049839	29/June/2018	30.mp4	3	30605;	4
S84049839	29/June/2018	29.mp4	3	11762;	5
S84049839	29/June/2018	10.mp4	3	36789;	6
S84049839	29/June/2018	18.mp4	2	24572;2712;	7
S84049839	29/June/2018	12.mp4	5	398819;	8
S84049839	29/June/2018	13.mp4	5	19127;1439;	9
S84049839	29/June/2018	11.mp4	1	39187;53390;	10
S84049839	29/June/2018	23.mp4	3	19918;	11
S84049839	29/June/2018	17.mp4	4	16599;1413;	12
S84049839	29/June/2018	5.mp4	1	-3546030;7929;	13
S84049839	29/June/2018	32.mp4	3	15975;	14
S84049839	29/June/2018	21.mp4	3	17472;	15
S84049839	29/June/2018	27.mp4	5	14419;	16
S84049839	29/June/2018	22.mp4	4	19536;	17
S84049839	29/June/2018	34.mp4	3	13067;	18
S84049839	29/June/2018	16.mp4	1	26691;1543;	19
S84049839	29/June/2018	35.mp4	3	13335;	20
S84049839	29/June/2018	33.mp4	4	13494;	21
S84049839	29/June/2018	8.mp4	3	28199;	22
S84049839	29/June/2018	25.mp4	5	15860;	23
S84049839	29/June/2018	14.mp4	5	18277;	24
S84049839	29/June/2018	20.mp4	2	21973;	25
S84049839	29/June/2018	24.mp4	5	27568;	26
S84049839	29/June/2018	7.mp4	1	37391;	27
S84049839	29/June/2018	31.mp4	3	13704;	28
S84049839	29/June/2018	28.mp4	4	13060;	29
S84049839	29/June/2018	4.mp4	1	39407;2679;	30
S84049839	29/June/2018	15.mp4	5	19820;2399;	31
S84049839	29/June/2018	26.mp4	5	23211;	32
S84049839	29/June/2018	9.mp4	4	39511;2368;	33
S84049839	29/June/2018	19.mp4	2	24581;	34
S84049839	29/June/2018	6.mp4	1	64604;	35
S86401540	29/June/2018	1.mp4	4	27866;40057;	1
S86401540	29/June/2018	2.mp4	3	22000;2251;	2
S86401540	29/June/2018	3.mp4	2	1761;	3
S86401540	29/June/2018	13.mp4	5	19474;	4
S86401540	29/June/2018	20.mp4	4	21963;	5
S86401540	29/June/2018	30.mp4	3	12811;	6
S86401540	29/June/2018	25.mp4	5	16034;3678;	7
S86401540	29/June/2018	15.mp4	4	13382;4108;	8
S86401540	29/June/2018	14.mp4	4	18093;2349;	9
S86401540	29/June/2018	29.mp4	3	11563;	10
S86401540	29/June/2018	21.mp4	4	39993;	11
S86401540	29/June/2018	33.mp4	4	12738;	12
S86401540	29/June/2018	6.mp4	1	-3536281;	13
S86401540	29/June/2018	8.mp4	4	28200;	14
S86401540	29/June/2018	4.mp4	2	39574;2658;	15
S86401540	29/June/2018	28.mp4	4	12200;	16
S86401540	29/June/2018	19.mp4	4	26694;	17
S86401540	29/June/2018	34.mp4	4	11855;	18
S86401540	29/June/2018	32.mp4	4	12558;	19
S86401540	29/June/2018	27.mp4	5	30644;	20
S86401540	29/June/2018	22.mp4	4	59332;3096;	21
S86401540	29/June/2018	31.mp4	4	11449;17418;	22
S86401540	29/June/2018	16.mp4	4	36373;	23
S86401540	29/June/2018	12.mp4	4	19195;3163;	24
S86401540	29/June/2018	23.mp4	4	39601;2182;	25
S86401540	29/June/2018	17.mp4	4	13688;	26
S86401540	29/June/2018	18.mp4	4	27536;2931;	27
S86401540	29/June/2018	35.mp4	3	27329;	28
S86401540	29/June/2018	10.mp4	4	32777;	29
S86401540	29/June/2018	9.mp4	3	44606;1822;	30
S86401540	29/June/2018	5.mp4	2	38306;2836;	31
S86401540	29/June/2018	7.mp4	2	59154;2039;	32
S86401540	29/June/2018	24.mp4	4	32437;	33
S86401540	29/June/2018	11.mp4	4	38674;2518;	34
S86401540	29/June/2018	26.mp4	4	24158;	35
S88574813	26/June/2018	1.mp4	5	22483;14757;	1
S88574813	26/June/2018	2.mp4	2	25817;1541;	2
S88574813	26/June/2018	3.mp4	1	1869;	3
S88574813	26/June/2018	13.mp4	5	22886;5108;	4
S88574813	26/June/2018	33.mp4	5	15419;	5
S88574813	26/June/2018	4.mp4	1	39588;4496;	6
S88574813	26/June/2018	17.mp4	5	13915;1768;	7
S88574813	26/June/2018	18.mp4	5	31724;	8
S88574813	26/June/2018	10.mp4	2	31804;	9
S88574813	26/June/2018	26.mp4	3	17493;	10
S88574813	26/June/2018	16.mp4	5	26895;2241;	11
S88574813	26/June/2018	8.mp4	2	32663;2595;	12
S88574813	26/June/2018	24.mp4	5	16669;	13
S88574813	26/June/2018	27.mp4	4	14361;	14
S88574813	26/June/2018	25.mp4	5	15158;2484;	15
S88574813	26/June/2018	5.mp4	1	38289;	16
S88574813	26/June/2018	15.mp4	3	20069;2516;	17
S88574813	26/June/2018	6.mp4	1	63614;1829;	18
S88574813	26/June/2018	12.mp4	2	20576;4143;	19
S88574813	26/June/2018	11.mp4	2	37910;1704;	20
S88574813	26/June/2018	9.mp4	2	39547;2085;	21
S88574813	26/June/2018	20.mp4	5	21511;2380;	22
S88574813	26/June/2018	34.mp4	5	14698;	23
S88574813	26/June/2018	28.mp4	2	13820;	24
S88574813	26/June/2018	32.mp4	5	13186;	25
S88574813	26/June/2018	31.mp4	2	11662;3300;	26
S88574813	26/June/2018	7.mp4	1	36709;2988;	27
S88574813	26/June/2018	35.mp4	5	23141;	28
S88574813	26/June/2018	21.mp4	5	16596;	29
S88574813	26/June/2018	22.mp4	5	21730;2881;	30
S88574813	26/June/2018	14.mp4	3	18480;6667;	31
S88574813	26/June/2018	23.mp4	5	19291;3505;	32
S88574813	26/June/2018	19.mp4	5	24166;	33
S88574813	26/June/2018	29.mp4	5	22741;	34
S88574813	26/June/2018	30.mp4	3	15560;	35
S88693588	26/June/2018	1.mp4	4	34431;	1
S88693588	26/June/2018	2.mp4	4	32469;	2
S88693588	26/June/2018	3.mp4	3	2348;	3
S88693588	26/June/2018	10.mp4	4	43144;	4
S88693588	26/June/2018	4.mp4	3	45149;	5
S88693588	26/June/2018	26.mp4	5	24180;	6
S88693588	26/June/2018	11.mp4	3	40408;	7
S88693588	26/June/2018	35.mp4	3	53287;	8
S88693588	26/June/2018	8.mp4	4	30285;	9
S88693588	26/June/2018	13.mp4	4	23470;	10
S88693588	26/June/2018	21.mp4	4	19970;	11
S88693588	26/June/2018	23.mp4	4	22293;	12
S88693588	26/June/2018	22.mp4	4	22489;	13
S88693588	26/June/2018	31.mp4	4	17168;	14
S88693588	26/June/2018	18.mp4	4	27585;	15
S88693588	26/June/2018	32.mp4	4	24206;	16
S88693588	26/June/2018	27.mp4	4	28163;	17
S88693588	26/June/2018	17.mp4	4	19773;	18
S88693588	26/June/2018	14.mp4	5	50681;	19
S88693588	26/June/2018	28.mp4	4	24644;	20
S88693588	26/June/2018	5.mp4	3	40693;	21
S88693588	26/June/2018	24.mp4	4	24466;	22
S88693588	26/June/2018	9.mp4	3	41863;	23
S88693588	26/June/2018	12.mp4	4	22228;	24
S88693588	26/June/2018	34.mp4	4	21587;	25
S88693588	26/June/2018	33.mp4	3	18181;	26
S88693588	26/June/2018	30.mp4	4	11846;	27
S88693588	26/June/2018	6.mp4	2	67111;	28
S88693588	26/June/2018	25.mp4	5	23299;	29
S88693588	26/June/2018	7.mp4	3	56662;	30
S88693588	26/June/2018	16.mp4	4	27661;	31
S88693588	26/June/2018	15.mp4	5	21679;	32
S88693588	26/June/2018	20.mp4	4	25424;	33
S88693588	26/June/2018	29.mp4	3	31324;	34
S88693588	26/June/2018	19.mp4	4	26426;	35
S915765	29/June/2018	1.mp4	4	68744;185264;	1
S915765	29/June/2018	2.mp4	3	25975;	2
S915765	29/June/2018	3.mp4	1	3810;	3
S915765	29/June/2018	12.mp4	3	38776;	4
S915765	29/June/2018	14.mp4	3	49879;	5
S915765	29/June/2018	17.mp4	3	15372;	6
S915765	29/June/2018	13.mp4	4	26402;	7
S915765	29/June/2018	8.mp4	3	31360;	8
S915765	29/June/2018	16.mp4	3	28834;	9
S915765	29/June/2018	25.mp4	4	52903;	10
S915765	29/June/2018	33.mp4	3	22085;	11
S915765	29/June/2018	6.mp4	1	-3533373;	12
S915765	29/June/2018	5.mp4	1	45245;	13
S915765	29/June/2018	10.mp4	2	31949;	14
S915765	29/June/2018	18.mp4	2	25566;4454;	15
S915765	29/June/2018	28.mp4	4	19410;	16
S915765	29/June/2018	22.mp4	3	20982;	17
S915765	29/June/2018	19.mp4	4	27005;	18
S915765	29/June/2018	9.mp4	1	46641;	19
S915765	29/June/2018	4.mp4	1	71028;	20
S915765	29/June/2018	26.mp4	3	16431;	21
S915765	29/June/2018	24.mp4	4	19411;	22
S915765	29/June/2018	20.mp4	2	24831;	23
S915765	29/June/2018	23.mp4	3	21588;	24
S915765	29/June/2018	34.mp4	3	15709;	25
S915765	29/June/2018	31.mp4	4	15757;	26
S915765	29/June/2018	11.mp4	2	39645;1737;	27
S915765	29/June/2018	30.mp4	2	24371;	28
S915765	29/June/2018	32.mp4	2	14926;	29
S915765	29/June/2018	7.mp4	3	49552;	30
S915765	29/June/2018	15.mp4	2	14383;	31
S915765	29/June/2018	21.mp4	4	18785;	32
S915765	29/June/2018	27.mp4	3	33665;	33
S915765	29/June/2018	29.mp4	1	12528;	34
S915765	29/June/2018	35.mp4	3	25585;	35
S91975130	29/June/2018	1.mp4	3	32700;17305;	1
S91975130	29/June/2018	2.mp4	3	27347;90312;	2
S91975130	29/June/2018	3.mp4	1	2474;	3
S91975130	29/June/2018	10.mp4	3	32661;35551;	4
S91975130	29/June/2018	33.mp4	3	18758;	5
S91975130	29/June/2018	31.mp4	3	13554;34957;	6
S91975130	29/June/2018	34.mp4	3	15743;	7
S91975130	29/June/2018	19.mp4	4	198782;	8
S91975130	29/June/2018	22.mp4	4	23161;9420;	9
S91975130	29/June/2018	9.mp4	2	40048;6470;	10
S91975130	29/June/2018	14.mp4	3	19045;9817;	11
S91975130	29/June/2018	17.mp4	4	-3583343;5358;	12
S91975130	29/June/2018	32.mp4	3	18264;	13
S91975130	29/June/2018	11.mp4	2	53568;7914;	14
S91975130	29/June/2018	29.mp4	2	20685;	15
S91975130	29/June/2018	30.mp4	3	14701;	16
S91975130	29/June/2018	27.mp4	2	28459;	17
S91975130	29/June/2018	6.mp4	1	68521;6195;	18
S91975130	29/June/2018	35.mp4	2	15116;	19
S91975130	29/June/2018	21.mp4	3	20397;	20
S91975130	29/June/2018	5.mp4	1	58394;9890;	21
S91975130	29/June/2018	26.mp4	3	13866;	22
S91975130	29/June/2018	12.mp4	3	20747;4700;	23
S91975130	29/June/2018	20.mp4	3	22760;6230;	24
S91975130	29/June/2018	18.mp4	3	26434;5703;	25
S91975130	29/June/2018	23.mp4	3	22072;4503;	26
S91975130	29/June/2018	16.mp4	3	33077;	27
S91975130	29/June/2018	4.mp4	1	41247;16263;	28
S91975130	29/June/2018	15.mp4	3	16430;7158;	29
S91975130	29/June/2018	25.mp4	3	19385;29877;	30
S91975130	29/June/2018	8.mp4	1	31162;5210;	31
S91975130	29/June/2018	7.mp4	2	42384;4217;	32
S91975130	29/June/2018	13.mp4	1	20234;3662;	33
S91975130	29/June/2018	24.mp4	3	18315;	34
S91975130	29/June/2018	28.mp4	3	15547;	35
S92692305	26/June/2018	1.mp4	3	24116;29750;	1
S92692305	26/June/2018	2.mp4	4	21435;7564;	2
S92692305	26/June/2018	3.mp4	1	2321;	3
S92692305	26/June/2018	9.mp4	3	42463;6115;	4
S92692305	26/June/2018	19.mp4	4	30256;	5
S92692305	26/June/2018	34.mp4	3	23062;	6
S92692305	26/June/2018	15.mp4	5	14004;5278;	7
S92692305	26/June/2018	35.mp4	4	18024;	8
S92692305	26/June/2018	13.mp4	5	19781;3471;	9
S92692305	26/June/2018	17.mp4	4	15345;	10
S92692305	26/June/2018	22.mp4	4	31276;	11
S92692305	26/June/2018	7.mp4	1	38858;30143;	12
S92692305	26/June/2018	8.mp4	4	36434;	13
S92692305	26/June/2018	5.mp4	1	48356;5490;	14
S92692305	26/June/2018	23.mp4	4	22035;	15
S92692305	26/June/2018	29.mp4	3	23937;	16
S92692305	26/June/2018	31.mp4	3	30856;13223;	17
S92692305	26/June/2018	4.mp4	2	62996;26712;	18
S92692305	26/June/2018	26.mp4	5	21373;	19
S92692305	26/June/2018	21.mp4	5	19799;	20
S92692305	26/June/2018	33.mp4	4	14936;	21
S92692305	26/June/2018	24.mp4	4	18486;	22
S92692305	26/June/2018	18.mp4	4	27555;5383;	23
S92692305	26/June/2018	30.mp4	3	16742;	24
S92692305	26/June/2018	28.mp4	3	14834;	25
S92692305	26/June/2018	25.mp4	5	18915;	26
S92692305	26/June/2018	27.mp4	5	15299;	27
S92692305	26/June/2018	10.mp4	5	28468;4072;	28
S92692305	26/June/2018	12.mp4	5	20799;3676;	29
S92692305	26/June/2018	11.mp4	4	41467;	30
S92692305	26/June/2018	16.mp4	4	35715;4918;	31
S92692305	26/June/2018	6.mp4	1	67714;7972;	32
S92692305	26/June/2018	32.mp4	3	17339;	33
S92692305	26/June/2018	14.mp4	5	20160;4451;	34
S92692305	26/June/2018	20.mp4	5	25256;2807;	35
S92951792	26/June/2018	1.mp4	5	44176;	1
S92951792	26/June/2018	2.mp4	5	54519;	2
S92951792	26/June/2018	3.mp4	2	4230;	3
S92951792	26/June/2018	28.mp4	5	35778;	4
S92951792	26/June/2018	29.mp4	3	33791;	5
S92951792	26/June/2018	27.mp4	3	42624;	6
S92951792	26/June/2018	11.mp4	1	44791;	7
S92951792	26/June/2018	4.mp4	2	46147;	8
S92951792	26/June/2018	9.mp4	4	41948;	9
S92951792	26/June/2018	12.mp4	3	28956;	10
S92951792	26/June/2018	20.mp4	5	22753;	11
S92951792	26/June/2018	13.mp4	5	19092;	12
S92951792	26/June/2018	7.mp4	1	38219;	13
S92951792	26/June/2018	8.mp4	4	30348;	14
S92951792	26/June/2018	35.mp4	3	23938;	15
S92951792	26/June/2018	5.mp4	1	39534;	16
S92951792	26/June/2018	23.mp4	5	22259;	17
S92951792	26/June/2018	6.mp4	1	65720;	18
S92951792	26/June/2018	15.mp4	5	19770;	19
S92951792	26/June/2018	21.mp4	5	19920;	20
S92951792	26/June/2018	19.mp4	5	26397;	21
S92951792	26/June/2018	34.mp4	5	17467;	22
S92951792	26/June/2018	10.mp4	2	28708;	23
S92951792	26/June/2018	24.mp4	5	18592;	24
S92951792	26/June/2018	26.mp4	4	17606;	25
S92951792	26/June/2018	32.mp4	5	15056;	26
S92951792	26/June/2018	30.mp4	4	16380;	27
S92951792	26/June/2018	16.mp4	5	26697;	28
S92951792	26/June/2018	25.mp4	5	15916;	29
S92951792	26/June/2018	17.mp4	4	48806;	30
S92951792	26/June/2018	33.mp4	5	14967;	31
S92951792	26/June/2018	22.mp4	5	18375;	32
S92951792	26/June/2018	18.mp4	5	27648;	33
S92951792	26/June/2018	31.mp4	2	18495;	34
S92951792	26/June/2018	14.mp4	1	20383;	35
S945650	22/June/2018	1.mp4	3	27292;	1
S945650	22/June/2018	2.mp4	4	39349;	2
S945650	22/June/2018	3.mp4	2	1604;	3
S945650	22/June/2018	12.mp4	5	213407;	4
S945650	22/June/2018	17.mp4	5	37082;	5
S945650	22/June/2018	33.mp4	3	132606;	6
S945650	22/June/2018	10.mp4	4	31466;	7
S945650	22/June/2018	5.mp4	2	-2771632;	8
S945650	22/June/2018	14.mp4	5	682253;	9
S945650	22/June/2018	21.mp4	5	45338;	10
S945650	22/June/2018	31.mp4	3	37468;	11
S945650	22/June/2018	8.mp4	4	59771;42019;	12
S945650	22/June/2018	32.mp4	3	39638;	13
S945650	22/June/2018	25.mp4	4	67845;	14
S945650	22/June/2018	16.mp4	4	53771;	15
S945650	22/June/2018	24.mp4	3	76318;	16
S945650	22/June/2018	28.mp4	2	23425;	17
S945650	22/June/2018	15.mp4	4	40603;	18
S945650	22/June/2018	34.mp4	3	32368;	19
S945650	22/June/2018	9.mp4	3	66430;	20
S945650	22/June/2018	29.mp4	3	23435;	21
S945650	22/June/2018	19.mp4	4	57298;	22
S945650	22/June/2018	18.mp4	4	33827;	23
S945650	22/June/2018	13.mp4	5	38306;	24
S945650	22/June/2018	26.mp4	4	28784;	25
S945650	22/June/2018	27.mp4	5	22698;	26
S945650	22/June/2018	20.mp4	4	68059;18646;	27
S945650	22/June/2018	23.mp4	3	38629;	28
S945650	22/June/2018	30.mp4	4	20597;	29
S945650	22/June/2018	22.mp4	4	42607;	30
S945650	22/June/2018	7.mp4	1	126339;	31
S945650	22/June/2018	11.mp4	1	51170;	32
S945650	22/June/2018	35.mp4	4	45081;	33
S945650	22/June/2018	6.mp4	1	69480;	34
S945650	22/June/2018	4.mp4	1	81510;13992;	35
S948330	22/June/2018	1.mp4	4	23131;25390;	1
S948330	22/June/2018	2.mp4	3	31405;2592;	2
S948330	22/June/2018	3.mp4	4	2942;	3
S948330	22/June/2018	12.mp4	5	26283;6119;	4
S948330	22/June/2018	25.mp4	5	21510;6336;	5
S948330	22/June/2018	31.mp4	4	21385;2373;	6
S948330	22/June/2018	15.mp4	5	17956;	7
S948330	22/June/2018	6.mp4	1	66682;2614;	8
S948330	22/June/2018	16.mp4	3	39213;3734;	9
S948330	22/June/2018	29.mp4	3	21800;	10
S948330	22/June/2018	27.mp4	5	18305;	11
S948330	22/June/2018	19.mp4	4	29548;	12
S948330	22/June/2018	30.mp4	3	15450;	13
S948330	22/June/2018	33.mp4	4	17453;	14
S948330	22/June/2018	20.mp4	4	27354;3543;	15
S948330	22/June/2018	21.mp4	5	27500;	16
S948330	22/June/2018	10.mp4	4	28912;	17
S948330	22/June/2018	32.mp4	4	18738;	18
S948330	22/June/2018	17.mp4	5	19562;	19
S948330	22/June/2018	9.mp4	3	42286;2710;	20
S948330	22/June/2018	5.mp4	2	41791;2159;	21
S948330	22/June/2018	4.mp4	3	45049;2168;	22
S948330	22/June/2018	13.mp4	5	20945;687;	23
S948330	22/June/2018	14.mp4	5	21285;1661;	24
S948330	22/June/2018	18.mp4	4	26936;1960;	25
S948330	22/June/2018	26.mp4	5	17639;	26
S948330	22/June/2018	35.mp4	4	17692;	27
S948330	22/June/2018	22.mp4	5	20514;2039;	28
S948330	22/June/2018	8.mp4	4	32812;5415;	29
S948330	22/June/2018	7.mp4	3	40457;1815;	30
S948330	22/June/2018	11.mp4	2	39845;2399;	31
S948330	22/June/2018	28.mp4	4	16052;	32
S948330	22/June/2018	24.mp4	5	21677;	33
S948330	22/June/2018	23.mp4	3	22425;1631;	34
S948330	22/June/2018	34.mp4	3	18729;	35
S967196	22/June/2018	1.mp4	4	17245;27378;	1
S967196	22/June/2018	2.mp4	2	20511;9629;	2
S967196	22/June/2018	3.mp4	1	2337;	3
S967196	22/June/2018	28.mp4	3	13702;	4
S967196	22/June/2018	22.mp4	3	25592;3053;	5
S967196	22/June/2018	18.mp4	4	41483;1877;	6
S967196	22/June/2018	14.mp4	2	22046;	7
S967196	22/June/2018	29.mp4	2	9445;	8
S967196	22/June/2018	19.mp4	4	23806;	9
S967196	22/June/2018	12.mp4	2	23690;	10
S967196	22/June/2018	13.mp4	3	18273;1608;	11
S967196	22/June/2018	25.mp4	4	15435;	12
S967196	22/June/2018	11.mp4	2	39229;1304;	13
S967196	22/June/2018	21.mp4	4	18077;	14
S967196	22/June/2018	10.mp4	2	44419;1458;	15
S967196	22/June/2018	9.mp4	2	48415;	16
S967196	22/June/2018	4.mp4	1	42579;4533;	17
S967196	22/June/2018	24.mp4	4	25542;	18
S967196	22/June/2018	17.mp4	3	14971;1334;	19
S967196	22/June/2018	23.mp4	4	19401;	20
S967196	22/June/2018	27.mp4	4	16983;	21
S967196	22/June/2018	20.mp4	4	23400;551;	22
S967196	22/June/2018	8.mp4	2	42153;2581;	23
S967196	22/June/2018	26.mp4	3	17272;	24
S967196	22/June/2018	32.mp4	4	17911;	25
S967196	22/June/2018	7.mp4	2	44509;	26
S967196	22/June/2018	35.mp4	2	14458;	27
S967196	22/June/2018	6.mp4	1	102957;1097;	28
S967196	22/June/2018	34.mp4	4	13539;	29
S967196	22/June/2018	31.mp4	2	12009;289;	30
S967196	22/June/2018	15.mp4	2	14023;1334;	31
S967196	22/June/2018	5.mp4	1	85152;2533;	32
S967196	22/June/2018	30.mp4	2	10647;	33
S967196	22/June/2018	16.mp4	4	26796;1999;	34
S967196	22/June/2018	33.mp4	4	10969;	35
S970030	25/June/2018	1.mp4	4	25884;	1
S970030	25/June/2018	2.mp4	4	21833;	2
S970030	25/June/2018	3.mp4	3	2916;	3
S970030	25/June/2018	32.mp4	4	23045;	4
S970030	25/June/2018	7.mp4	2	40168;	5
S970030	25/June/2018	29.mp4	3	12966;	6
S970030	25/June/2018	22.mp4	5	18952;	7
S970030	25/June/2018	12.mp4	5	21104;	8
S970030	25/June/2018	18.mp4	4	26480;	9
S970030	25/June/2018	14.mp4	5	52425;	10
S970030	25/June/2018	11.mp4	1	40577;	11
S970030	25/June/2018	28.mp4	4	15186;	12
S970030	25/June/2018	19.mp4	2	25871;	13
S970030	25/June/2018	25.mp4	5	17305;	14
S970030	25/June/2018	23.mp4	4	22718;	15
S970030	25/June/2018	26.mp4	5	23246;	16
S970030	25/June/2018	35.mp4	3	14308;	17
S970030	25/June/2018	20.mp4	3	23137;	18
S970030	25/June/2018	21.mp4	3	18880;	19
S970030	25/June/2018	4.mp4	1	42274;	20
S970030	25/June/2018	6.mp4	1	64402;	21
S970030	25/June/2018	24.mp4	5	18113;	22
S970030	25/June/2018	9.mp4	2	44631;	23
S970030	25/June/2018	33.mp4	3	16208;	24
S970030	25/June/2018	27.mp4	5	15314;	25
S970030	25/June/2018	8.mp4	3	32419;	26
S970030	25/June/2018	30.mp4	3	12242;	27
S970030	25/June/2018	5.mp4	1	40349;	28
S970030	25/June/2018	31.mp4	4	14984;	29
S970030	25/June/2018	13.mp4	5	19834;	30
S970030	25/June/2018	16.mp4	3	26392;	31
S970030	25/June/2018	15.mp4	5	13234;	32
S970030	25/June/2018	17.mp4	5	14715;	33
S970030	25/June/2018	34.mp4	3	13570;	34
S970030	25/June/2018	10.mp4	5	28298;	35
S9866609	26/June/2018	1.mp4	5	24823;	1
S9866609	26/June/2018	2.mp4	4	31183;	2
S9866609	26/June/2018	3.mp4	2	3530;	3
S9866609	26/June/2018	31.mp4	3	15295;-806;	4
S9866609	26/June/2018	4.mp4	2	41789;4841;	5
S9866609	26/June/2018	20.mp4	3	22399;8736;	6
S9866609	26/June/2018	8.mp4	3	29905;2733;	7
S9866609	26/June/2018	33.mp4	4	19373;	8
S9866609	26/June/2018	18.mp4	3	27436;3697;	9
S9866609	26/June/2018	26.mp4	4	11656;	10
S9866609	26/June/2018	19.mp4	2	26508;	11
S9866609	26/June/2018	22.mp4	4	19613;	12
S9866609	26/June/2018	23.mp4	3	20037;	13
S9866609	26/June/2018	28.mp4	2	15774;	14
S9866609	26/June/2018	14.mp4	4	19277;	15
S9866609	26/June/2018	13.mp4	4	23317;10860;	16
S9866609	26/June/2018	15.mp4	4	19036;3827;	17
S9866609	26/June/2018	6.mp4	1	70780;1243;	18
S9866609	26/June/2018	27.mp4	4	15627;	19
S9866609	26/June/2018	25.mp4	4	17989;422;	20
S9866609	26/June/2018	29.mp4	3	12141;	21
S9866609	26/June/2018	32.mp4	3	16832;	22
S9866609	26/June/2018	17.mp4	4	14884;1734;	23
S9866609	26/June/2018	30.mp4	3	14748;	24
S9866609	26/June/2018	12.mp4	4	20535;5744;	25
S9866609	26/June/2018	21.mp4	3	19294;	26
S9866609	26/June/2018	34.mp4	4	17696;	27
S9866609	26/June/2018	10.mp4	3	29049;	28
S9866609	26/June/2018	24.mp4	3	18582;	29
S9866609	26/June/2018	16.mp4	2	27734;	30
S9866609	26/June/2018	9.mp4	2	43298;	31
S9866609	26/June/2018	7.mp4	1	38123;4044;	32
S9866609	26/June/2018	5.mp4	1	40388;5192;	33
S9866609	26/June/2018	35.mp4	2	14673;	34
S9866609	26/June/2018	11.mp4	2	39608;11629;	35
S99043	22/June/2018	1.mp4	4	23630;	1
S99043	22/June/2018	2.mp4	4	22543;	2
S99043	22/June/2018	3.mp4	3	2659;	3
S99043	22/June/2018	18.mp4	3	28399;	4
S99043	22/June/2018	10.mp4	2	38183;	5
S99043	22/June/2018	9.mp4	3	54704;	6
S99043	22/June/2018	11.mp4	1	38786;	7
S99043	22/June/2018	6.mp4	1	73415;	8
S99043	22/June/2018	29.mp4	4	21212;	9
S99043	22/June/2018	5.mp4	2	54012;	10
S99043	22/June/2018	13.mp4	4	21690;	11
S99043	22/June/2018	19.mp4	4	25301;	12
S99043	22/June/2018	21.mp4	4	19575;	13
S99043	22/June/2018	8.mp4	3	28221;	14
S99043	22/June/2018	12.mp4	4	21110;	15
S99043	22/June/2018	31.mp4	3	22487;	16
S99043	22/June/2018	33.mp4	4	17007;	17
S99043	22/June/2018	22.mp4	4	19557;	18
S99043	22/June/2018	26.mp4	5	14364;	19
S99043	22/June/2018	7.mp4	2	40105;	20
S99043	22/June/2018	24.mp4	5	19302;	21
S99043	22/June/2018	23.mp4	4	20547;	22
S99043	22/June/2018	32.mp4	4	15458;	23
S99043	22/June/2018	28.mp4	2	18120;	24
S99043	22/June/2018	4.mp4	3	40425;	25
S99043	22/June/2018	35.mp4	4	17322;	26
S99043	22/June/2018	25.mp4	5	24422;	27
S99043	22/June/2018	34.mp4	4	16945;	28
S99043	22/June/2018	30.mp4	4	20262;	29
S99043	22/June/2018	27.mp4	5	19589;	30
S99043	22/June/2018	17.mp4	4	15554;	31
S99043	22/June/2018	14.mp4	5	19844;	32
S99043	22/June/2018	16.mp4	2	27121;	33
S99043	22/June/2018	15.mp4	5	16630;	34
S99043	22/June/2018	20.mp4	2	30073;	35
S991408	22/June/2018	1.mp4	3	21574;30237;	1
S991408	22/June/2018	2.mp4	3	23478;3911;	2
S991408	22/June/2018	3.mp4	2	2153;	3
S991408	22/June/2018	11.mp4	3	40137;1951;	4
S991408	22/June/2018	6.mp4	1	66964;702;	5
S991408	22/June/2018	16.mp4	3	28887;181;	6
S991408	22/June/2018	19.mp4	3	26543;	7
S991408	22/June/2018	24.mp4	5	19495;	8
S991408	22/June/2018	15.mp4	5	14866;800;	9
S991408	22/June/2018	10.mp4	4	31980;	10
S991408	22/June/2018	12.mp4	5	25159;2359;	11
S991408	22/June/2018	33.mp4	3	17435;	12
S991408	22/June/2018	26.mp4	5	16394;	13
S991408	22/June/2018	22.mp4	4	30897;1073;	14
S991408	22/June/2018	9.mp4	3	43110;1371;	15
S991408	22/June/2018	5.mp4	3	42355;1066;	16
S991408	22/June/2018	30.mp4	3	19890;	17
S991408	22/June/2018	34.mp4	3	20702;	18
S991408	22/June/2018	27.mp4	4	16150;	19
S991408	22/June/2018	31.mp4	3	18870;9630;	20
S991408	22/June/2018	18.mp4	3	26448;1493;	21
S991408	22/June/2018	25.mp4	5	15740;4794;	22
S991408	22/June/2018	21.mp4	4	19611;	23
S991408	22/June/2018	28.mp4	3	71976;	24
S991408	22/June/2018	14.mp4	5	23871;166;	25
S991408	22/June/2018	20.mp4	4	25475;4136;	26
S991408	22/June/2018	32.mp4	3	14447;	27
S991408	22/June/2018	23.mp4	4	21888;	28
S991408	22/June/2018	4.mp4	3	42589;2316;	29
S991408	22/June/2018	7.mp4	3	41245;2650;	30
S991408	22/June/2018	35.mp4	3	18840;	31
S991408	22/June/2018	17.mp4	3	15355;4154;	32
S991408	22/June/2018	29.mp4	3	12211;	33
S991408	22/June/2018	13.mp4	5	18513;	34
S991408	22/June/2018	8.mp4	4	36536;	35
